;;;;;;;;;Inclusion criteria;;;;Exclusion criteria;;;;;;;Research questions;;;;Snowballing iteration;;;;;
ID;Author;Title;Hidden_title;Booktitle / Journal;Year;doi / link;start set?;Hidden_IC;IC1;IC2;IC3;Hidden_EC;EC1;EC2;EC3;EC4;EC5;Duplicate?;Selected?;RQ1.1;RQ1.2;RQ1.3;Comments;Backward;Forward;;;;
1;Y. Brun, G. D. M. Serugendo, C. Gacek, H. Giese, H. Kienle, M. Litoiu, H. Müller, M. Pezzè, and M. Shaw ;Engineering self-adaptive systems through feedback loops;engineering self-adaptive systems through feedback loops;SEAMS;2009;https://doi.org/10.1007/978-3-642-02161-9_3;yes;TRUE;TRUE;TRUE;FALSE;FALSE;FALSE;FALSE;TRUE;FALSE;FALSE;FALSE;FALSE;;;;Exploration of SOTA. Useful for intro.;;;;;;
2;F. D. Macías-Escrivá, R. Haber, R. Del Toro, and V. Hernandez ;Self-adaptive systems: A survey of current approaches, research challenges and applications;self-adaptive systems: a survey of current approaches, research challenges and applications;ESWA;2013;https://doi.org/10.1016/j.eswa.2013.07.033;yes;TRUE;TRUE;TRUE;FALSE;FALSE;FALSE;FALSE;TRUE;FALSE;FALSE;FALSE;FALSE;;;;Survey;;;;;;
3;J. O. Kephart and D. M. Chess ;The vision of autonomic computing ;the vision of autonomic computing;Computer;2003;https://doi.ieeecomputersociety.org/10.1109/MC.2003.1160055;yes;TRUE;TRUE;TRUE;FALSE;FALSE;FALSE;TRUE;FALSE;FALSE;FALSE;FALSE;FALSE;;;;Vision paper;;;;;;
4;D. M. Barbosa, R. G. D. M. Lima, P. H. M. Maia, and E. Costa;Lotus@runtime: a tool for runtime monitoring and verification of self-adaptive systems;lotus@runtime: a tool for runtime monitoring and verification of self-adaptive systems;SEAMS;2017;https://doi.org/10.1109/SEAMS.2017.18;yes;TRUE;TRUE;TRUE;TRUE;FALSE;FALSE;FALSE;FALSE;FALSE;FALSE;FALSE;TRUE;yes;(yes);no;;YES;YES;;;;
5;Y. Tahara, A. Ohsuga, and S. Honiden ;Formal verification of dynamic evolution processes of uml models using aspects;formal verification of dynamic evolution processes of uml models using aspects;SEAMS;2017;https://doi.org/10.1109/SEAMS.2017.4;yes;TRUE;TRUE;TRUE;TRUE;FALSE;FALSE;FALSE;FALSE;FALSE;FALSE;FALSE;TRUE;(yes);(yes);no;;YES;YES;;;;
6;N. Bencomo, K. Welsh, P. Sawyer, and J. Whittle ;Self-explanation in adaptive systems ;self-explanation in adaptive systems;ICECCS;2012;https://doi.ieeecomputersociety.org/10.1109/ICECCS.2012.34;yes;TRUE;TRUE;TRUE;TRUE;FALSE;FALSE;FALSE;FALSE;FALSE;FALSE;FALSE;TRUE;no;yes;no;;YES;NO;;;;
7;R. Heinrich, E. Schmieders, R. Jung, K. Rostami, A. Metzger, W. Has- selbring, R. Reussner, and K. Pohl;Integrating run-time observations and design component models for cloud system analysis;integrating run-time observations and design component models for cloud system analysis;Workshop Models@Run.time;2014;http://ceur-ws.org/Vol-1270/mrt14_submission_8.pdf;yes;TRUE;TRUE;TRUE;FALSE;FALSE;FALSE;TRUE;FALSE;FALSE;FALSE;FALSE;FALSE;;;;Position paper;;;;;;
8;W. Hasselbring, R. Heinrich, R. Jung, A. Metzger, K. Pohl, R. Reussner, and E. Schmieders ;iobserve: Integrated observation and modeling techniques to support adaptation and evolution of software systems ;iobserve: integrated observation and modeling techniques to support adaptation and evolution of software systems;Research report;2013;http://oceanrep.geomar.de/22077/;yes;TRUE;TRUE;TRUE;FALSE;FALSE;FALSE;FALSE;FALSE;TRUE;FALSE;FALSE;FALSE;;;;Reseach report;;;;;;
9;J. Ehlers, A. van Hoorn, J. Waller, and W. Hasselbring ;Self-adaptive software system monitoring for performance anomaly localization ;self-adaptive software system monitoring for performance anomaly localization;ICAC;2011;https://doi.org/10.1145/1998582.1998628;yes;TRUE;TRUE;TRUE;TRUE;FALSE;TRUE;FALSE;FALSE;FALSE;FALSE;FALSE;FALSE;;;;Short paper;;;;;;
10;D. F. Mendonça, R.Ali, and G.N.Rodrigues ;Modelling and analysing contextual failures for dependability requirements ;modelling and analysing contextual failures for dependability requirements;SEAMS;2014;https://doi.org/10.1145/2593929.2593947;yes;TRUE;TRUE;TRUE;TRUE;FALSE;FALSE;FALSE;FALSE;FALSE;FALSE;FALSE;TRUE;yes;yes;yes;;NO;NO;;;;
11;P. Casanova, D. Garlan, B. Schmerl, and R. Abreu ;Diagnosing unobserved components in self-adaptive systems ;diagnosing unobserved components in self-adaptive systems;SEAMS;2014;https://doi.org/10.1145/2593929.2593946;yes;TRUE;TRUE;TRUE;FALSE;FALSE;FALSE;FALSE;FALSE;FALSE;FALSE;FALSE;FALSE;;;;After reading the paper: there is no context/behavior modeling. Remove from selection;;;;;;
12;M. U. Iftikhar and D. Weyns ;Activforms: Active formal models for self-adaptation ;activforms: active formal models for self-adaptation;SEAMS;2014;https://doi.org/10.1145/2593929.2593944;yes;TRUE;TRUE;TRUE; ;FALSE;FALSE;FALSE;FALSE;FALSE;FALSE;FALSE;TRUE;yes;yes;yes;;NO;NO;;;;
13;T. Hartmann, F. Fouquet, J. Klein, G. Nain, and Y. Le Traon ;Reactive security for smart grids using models@run.time-based simulation and reasoning ;reactive security for smart grids using models@run.time-based simulation and reasoning;Workshop on Smart Grid Security;2014;https://doi.org/10.1007/978-3-319-10329-7_9;yes;TRUE;TRUE;TRUE;TRUE;FALSE;FALSE;FALSE;FALSE;FALSE;FALSE;FALSE;TRUE;yes;yes;yes;;NO;NO;;;;
14;T. Hartmann, F. Fouquet, J. Klein, Y. Le Traon, A. Pelov, L. Toutain, and T. Ropitault ;Generating realistic smart grid communication topologies based on real-data ;generating realistic smart grid communication topologies based on real-data;SmartGridComm;2014;https://doi.org/10.1109/SmartGridComm.2014.7007684;yes;TRUE;TRUE;TRUE;FALSE;FALSE;FALSE;FALSE;FALSE;FALSE;FALSE;FALSE;FALSE;;;;;;;;;;
15;IBM;An Architectural Blueprint for Autonomic Computing ;an architectural blueprint for autonomic computing;Technical report;2005;http://citeseerx.ist.psu.edu/viewdoc/download?doi=10.1.1.150.1011&rep=rep1&type=pdf;yes;TRUE;TRUE;TRUE;FALSE;FALSE;FALSE;FALSE;FALSE;TRUE;FALSE;FALSE;FALSE;;;;;;;;;;
16;K. Henricksen, J. Indulska, and A. Rakotonirainy ;Modeling context information in pervasive computing systems;modeling context information in pervasive computing systems;Pervasive;2002;https://doi.org/10.1007/3-540-45866-2_14;yes;TRUE;TRUE;TRUE;TRUE;FALSE;FALSE;FALSE;FALSE;FALSE;FALSE;FALSE;TRUE;yes;no;(yes);;NO;NO;;;;
17;S. K. Chong, I. McCauley, S. W. Loke, and S. Krishnaswamy;Context-aware sensors and data muffling;context-aware sensors and data muffling;Context awareness for …;2007;https://www.researchgate.net/profile/Seng_Loke/publication/240761783_Context-Aware_Sensors_and_Data_Muling/links/00b7d5372eec1654d0000000.pdf;yes;TRUE;TRUE;TRUE;FALSE;FALSE;FALSE;FALSE;FALSE;TRUE;FALSE;FALSE;FALSE;;;;Venue not well identified;;;;;;
18;T. Hartmann, F. Fouquet, G. Nain, B. Morin, J. Klein, and Y. Le Traon ;Reasoning at runtime using time-distorted contexts: A models@run.time based approach ;reasoning at runtime using time-distorted contexts: a models@run.time based approach;SEKE;2014;http://orbilu.uni.lu/handle/10993/17637;yes;TRUE;TRUE;TRUE;TRUE;FALSE;FALSE;FALSE;FALSE;FALSE;FALSE;FALSE;TRUE;yes;no;yes;;NO;NO;;;;
19;C. Bettini, O. Brdiczka, K. Henricksen, J. Indulska, D. Nicklas, A. Ran- ganathan, and D. Riboni ;A survey of context modelling and reasoning techniques ;a survey of context modelling and reasoning techniques;Pervasive and Movibile Computing;2010;https://doi.org/10.1016/j.pmcj.2009.06.002;yes;TRUE;TRUE;TRUE;FALSE;FALSE;FALSE;FALSE;TRUE;FALSE;FALSE;FALSE;FALSE;;;;Survey + discussion;;;;;;
20;C. Perera, A. Zaslavsky, P. Christen, and D. Georgakopoulos;Context aware computing for the internet of things: A survey;context aware computing for the internet of things: a survey;IEEE Comm. Surv. & Tut.;2014;https://doi.org/10.1109/SURV.2013.042313.00197;yes;TRUE;TRUE;TRUE;FALSE;FALSE;FALSE;FALSE;TRUE;FALSE;FALSE;FALSE;FALSE;;;;Survey;;;;;;
21;M. Glinz;On non-functional requirements;on non-functional requirements;RE;2007;https://doi.org/10.1109/RE.2007.45;yes;TRUE;TRUE;TRUE;FALSE;FALSE;FALSE;FALSE;TRUE;FALSE;FALSE;FALSE;FALSE;;;;Survey + discussion;;;;;;
22;B. H. Cheng and J. M. Atlee;Research directions in requirements engineering;research directions in requirements engineering;Future of Software Engineering;2007;https://doi.org/10.1109/FOSE.2007.17;yes;TRUE;TRUE;TRUE;FALSE;FALSE;FALSE;FALSE;TRUE;FALSE;FALSE;FALSE;FALSE;;;;Survey;;;;;;
23;V. Z. Moffitt and J. Stoyanovich;Temporal graph algebra;temporal graph algebra;DBPL;2017;https://doi.org/10.1145/3122831.3122838;yes;TRUE;TRUE;TRUE;TRUE;FALSE;FALSE;FALSE;FALSE;FALSE;FALSE;FALSE;TRUE;(yes);no;(yes);;NO;NO;;;;
24;A. Dardenne, A. Van Lamsweerde, and S. Fickas;Goal-directed requirements acquisition;goal-directed requirements acquisition;Sci. of comp. prog.;1993;https://doi.org/10.1016/0167-6423(93)90021-G;yes;TRUE;TRUE;TRUE;FALSE;FALSE;FALSE;FALSE;FALSE;FALSE;FALSE;FALSE;FALSE;;; ;Requirement modeling (!= context/behavioral modeling);;;;;;
25;E. Yu;Modelling strategic relationships for process reengineering;modelling strategic relationships for process reengineering;PhD Dissertation;2011;http://ftp.cs.utoronto.ca/public_html/dist/eric/DKBS-TR-94-6.pdf;yes;TRUE;TRUE;TRUE;FALSE;FALSE;FALSE;TRUE;FALSE;FALSE;FALSE;FALSE;FALSE;;;;Req. Modeling + PhD Disseration;;;;;;
26;P. Bresciani, A. Perini, P. Giorgini, F. Giunchiglia, and J. Mylopoulos;Tropos: An agent-oriented software development methodology;tropos: an agent-oriented software development methodology;AAMAS;2004;https://doi.org/10.1023/B:AGNT.0000018806.20944.ef;yes;TRUE;TRUE;TRUE;FALSE;FALSE;FALSE;FALSE;FALSE;FALSE;FALSE;FALSE;FALSE;;;;Methodology for RE;;;;;;
27;A. Egyed;A scenario-driven approach to traceability;a scenario-driven approach to traceability;ICSE;2001;https://doi.org/10.1109/ICSE.2001.919087;yes;TRUE;TRUE;TRUE;FALSE;FALSE;FALSE;FALSE;FALSE;FALSE;FALSE;FALSE;FALSE;;;;;;;;;;
28;S.-W. Cheng and D. Garlan;Stitch: A language for architecture-based self-adaptation;stitch: a language for architecture-based self-adaptation;JSS;2012;https://doi.org/10.1016/j.jss.2012.02.060;yes;TRUE;TRUE;TRUE;TRUE;FALSE;FALSE;FALSE;FALSE;FALSE;FALSE;FALSE;TRUE;yes;yes;yes;;NO;NO;;;;
29;T. Hartmann, F. Fouquet, M. Jimenez, R. Rouvoy, and Y. Le Traon;Analyzing complex data in motion at scale with temporal graphs;analyzing complex data in motion at scale with temporal graphs;SEKE;2017;https://doi.org/10.18293/SEKE2017-048;yes;TRUE;TRUE;TRUE;FALSE;FALSE;FALSE;FALSE;FALSE;FALSE;FALSE;FALSE;FALSE;;;;Temporal graph, low level, != model;;;;;;
30;T. Hartmann;Enabling model-driven live analytics for cyber-physical systems: The case of smart grids;enabling model-driven live analytics for cyber-physical systems: the case of smart grids;PhD Dissertation;2016;http://orbilu.uni.lu/handle/10993/28924;yes;TRUE;TRUE;TRUE;TRUE;FALSE;FALSE;TRUE;FALSE;FALSE;FALSE;FALSE;FALSE;;;;PhD Dissertations;;;;;;
31;P. Arcaini, E. Riccobene, and P. Scandurra ;Modeling and analyzing mape-k feedback loops for self-adaptation ;modeling and analyzing mape-k feedback loops for self-adaptation;SEAMS;2015;https://doi.org/10.1109/SEAMS.2015.10;yes;TRUE;TRUE;TRUE;TRUE;FALSE;FALSE;FALSE;FALSE;FALSE;FALSE;FALSE;TRUE;yes;(yes);no;;NO;NO;;;;
32;A. Cailliau and A. van Lamsweerde ;Runtime monitoring and resolution of probabilistic obstacles to system goals ;runtime monitoring and resolution of probabilistic obstacles to system goals;SEAMS;2017;https://doi.org/10.1109/SEAMS.2017.5;yes;TRUE;TRUE;TRUE;TRUE;FALSE;FALSE;FALSE;FALSE;FALSE;FALSE;FALSE;TRUE;yes;(yes);yes;;NO;NO;;;;
33;D. Weyns, S. Malek, and J. Andersson;Forms: Unifying reference model for formal specification of distributed self-adaptive systems;forms: unifying reference model for formal specification of distributed self-adaptive systems;TAAS;2012;https://doi.org/10.1145/2168260.2168268;yes;TRUE;TRUE;TRUE;TRUE;FALSE;FALSE;FALSE;FALSE;FALSE;FALSE;FALSE;TRUE;yes;no;no;;NO;NO;;;;
34;A. van Hoorn, J. Waller, and W. Hasselbring ;Kieker: A framework for application performance monitoring and dynamic software analysis;kieker: a framework for application performance monitoring and dynamic software analysis;ICPE;2012;https://doi.org/10.1145/2188286.2188326;yes;TRUE;TRUE;TRUE;TRUE;FALSE;TRUE;TRUE;FALSE;FALSE;FALSE;FALSE;FALSE;;;;;;;;;;
35;IBM;An Architectural Blueprint for Autonomic Computing ;an architectural blueprint for autonomic computing;Technical report;2005;http://citeseerx.ist.psu.edu/viewdoc/download?doi=10.1.1.150.1011&rep=rep1&type=pdf;yes;TRUE;TRUE;TRUE;FALSE;FALSE;FALSE;FALSE;FALSE;TRUE;FALSE;TRUE;FALSE;;;;;;;;;;
36;Agnar Aamodt and Enric Plaza ;Case-based reasoning: Foundational issues, methodological variations, and system approaches;case-based reasoning: foundational issues, methodological variations, and system approaches;AI communications;1994;https://doi.org/10.3233/AIC-1994-7104;yes;TRUE;TRUE;TRUE;FALSE;FALSE;FALSE;FALSE;TRUE;FALSE;FALSE;FALSE;FALSE;;;;Overview of state of the art;;;;;;
37;Darko Anicic, Paul Fodor, Sebastian Rudolph, Roland Stühmer, Nenad Stojanovic, and Rudi Studer ;A rule-based language for complex event processing and reasoning ;a rule-based language for complex event processing and reasoning;RR;2010;https://doi.org/10.1007/978-3-642-15918-3_5;yes;TRUE;TRUE;TRUE;TRUE;FALSE;FALSE;FALSE;FALSE;FALSE;FALSE;FALSE;TRUE;no;no;(yes);;NO;NO;;;;
38;P.Arcaini, E.Riccobene,and P.Scandurra ;Modeling and Analyzing MAPE-K Feedback Loops for Self-Adaptation ;modeling and analyzing mape-k feedback loops for self-adaptation;SEAMS;2015;https://doi.org/10.1109/SEAMS.2015.10;yes;TRUE;TRUE;TRUE;TRUE;FALSE;FALSE;FALSE;FALSE;FALSE;FALSE;TRUE;FALSE;;;;;;;;;;
39;Gordon S. Blair, Nelly Bencomo, and Robert B. France ;Models@run.time;models@run.time;Computer;2009;https://doi.org/10.1109/MC.2009.326;yes;TRUE;TRUE;TRUE;TRUE;FALSE;FALSE;FALSE;FALSE;FALSE;FALSE;FALSE;TRUE;yes;no;no;;;;;;;
40;Alessandro Cimatti and Andrea Micheli ;Strong temporal planning with uncontrollable durations: a state-space approach ;strong temporal planning with uncontrollable durations: a state-space approach;AAAI;2015;http://www.aaai.org/ocs/index.php/AAAI/AAAI15/paper/view/9728;yes;TRUE;TRUE;TRUE;TRUE;FALSE;FALSE;FALSE;FALSE;FALSE;FALSE;FALSE;TRUE;(yes);(yes);no;;NO;NO;;;;
41;Thomas Hartmann;Enabling Model-Driven Live Analytics For Cyber-Physical Systems: The Case of Smart Grids ;enabling model-driven live analytics for cyber-physical systems: the case of smart grids;PhD Dissertation;2016;http://orbilu.uni.lu/handle/10993/28924;yes;TRUE;TRUE;TRUE;TRUE;FALSE;FALSE;TRUE;FALSE;FALSE;FALSE;TRUE;FALSE;;;;;;;;;;
42;Thomas Hartmann, François Fouquet, Matthieu Jimenez, Romain Rouvoy, and Yves Le Traon ;Analyzing Complex Data in Motion at Scale with Temporal Graphs ;analyzing complex data in motion at scale with temporal graphs;SEKE;2017;https://doi.org/10.18293/SEKE2017-048;yes;TRUE;TRUE;TRUE;FALSE;FALSE;FALSE;FALSE;FALSE;FALSE;FALSE;TRUE;FALSE;;;;;;;;;;
43;Thomas Hartmann, François Fouquet, Grégory Nain, Brice Morin, Jacques Klein, Olivier Barais, and Yves Le Traon ;A Native Versioning Concept to Support Historized Models at Runtime ;a native versioning concept to support historized models at runtime;MODELS;2014;https://doi.org/10.1007/978-3-319-11653-2_16;yes;TRUE;TRUE;TRUE;TRUE;FALSE;FALSE;FALSE;FALSE;FALSE;FALSE;FALSE;TRUE;yes;no;yes;;NO;NO;;;;
44;Karen Henricksen, Jadwiga Indulska, and Andry Rakotonirainy ;Modeling Context Information in Pervasive Computing Systems ;modeling context information in pervasive computing systems;Pervasive;2002;https://doi.org/10.1007/3-540-45866-2_14;yes;TRUE;TRUE;TRUE;TRUE;FALSE;FALSE;FALSE;FALSE;FALSE;FALSE;TRUE;FALSE;;;;;;;;;;
45;Ming Mao and Marty Humphrey ;A Performance Study on the VM Startup Time in the Cloud ;a performance study on the vm startup time in the cloud;CLOUD;2012;https://doi.org/10.1109/CLOUD.2012.103;yes;TRUE;TRUE;TRUE;FALSE;FALSE;FALSE;FALSE;FALSE;FALSE;FALSE;FALSE;FALSE;;;;;;;;;;
46;M. Maurer, I. Breskovic, V. C. Emeakaroha, and I. Brandic ;Revealing the MAPE loop for the autonomic management of Cloud infrastructures ;revealing the mape loop for the autonomic management of cloud infrastructures;ISCC;2011;https://doi.org/10.1109/ISCC.2011.5984008;yes;TRUE;TRUE;TRUE;TRUE;FALSE;FALSE;FALSE;FALSE;FALSE;FALSE;FALSE;TRUE;yes;yes;yes;;NO;NO;;;;
47;Brice Morin, Olivier Barais, Jean-Marc Jézéquel, Franck Fleurey, and Arnor Solberg ;Models@Run.time to Support Dynamic Adaptation ;models@run.time to support dynamic adaptation;Computer;2009;https://doi.org/10.1109/MC.2009.327;yes;TRUE;TRUE;TRUE;TRUE;FALSE;FALSE;FALSE;FALSE;FALSE;FALSE;FALSE;TRUE;yes;no;(yes);;NO;NO;;;;
48;Gavin Mulligan and Denis Gračanin ;A comparison of SOAP and REST implementations of a service based interaction independence middleware framework ;a comparison of soap and rest implementations of a service based interaction independence middleware framework;WSC;2009;https://doi.org/10.1109/WSC.2009.5429290;yes;TRUE;TRUE;TRUE;FALSE;FALSE;FALSE;FALSE;FALSE;FALSE;FALSE;FALSE;FALSE;;;;Removed after reading: nothing about AS;;;;;;
49;Siqi Shen, Vincent van Beek, and Alexandru Iosup ;Statistical Characterization of Business-Critical Workloads Hosted in Cloud Datacenters ;statistical characterization of business-critical workloads hosted in cloud datacenters;CCGrid;2015;https://doi.org/10.1109/CCGrid.2015.60;yes;TRUE;TRUE;TRUE;FALSE;FALSE;FALSE;FALSE;TRUE;FALSE;FALSE;FALSE;FALSE;;;;;;;;;;
50;Norha M. Villegas, Gabriel Tamura, Hausi A. Müller, Laurence Duchien, and Rubby Casallas ;DYNAMICO: A reference model for governing control objectives and context relevance in self-adaptive software systems;dynamico: a reference model for governing control objectives and context relevance in self-adaptive software systems;SEAMS;2013;https://doi.org/10.1007/978-3-642-35813-5_11;yes;TRUE;TRUE;TRUE;FALSE;FALSE;FALSE;FALSE;FALSE;FALSE;FALSE;FALSE;FALSE;;;;;;;;;;
51;Haitao Yuan, Jing Bi, Wei Tan, and Bo Hu Li;Temporal task scheduling with constrained service delay for profit maximization in hybrid clouds ;temporal task scheduling with constrained service delay for profit maximization in hybrid clouds;T-ASE;2017;https://doi.org/10.1109/TASE.2016.2526781;yes;TRUE;TRUE;TRUE;FALSE;FALSE;FALSE;FALSE;FALSE;FALSE;FALSE;FALSE;FALSE;;;;presents an algorithm for tasks schedulling;;;;;;
52;J. O. Kephart and D. M. Chess ;The vision of autonomic computing ;the vision of autonomic computing;Computer;2003;;no;TRUE;;;;FALSE;;;;;;TRUE;FALSE;;;;;;;;;;
53;.  C.  Huebscher  and  J.  A.  McCann;A survey of autonomic computing—degrees, models, and applications;a survey of autonomic computing—degrees, models, and applications;CSUR;2008;https://doi.org/10.1145/1380584.1380585;no;TRUE;TRUE;TRUE;FALSE;FALSE;FALSE;FALSE;TRUE;FALSE;FALSE;FALSE;FALSE;;;;;;;;;;
54;Chen, Bihuan and Peng, Xin and Yu, Yijun and Nuseibeh, Bashar and Zhao, Wenyun;Self-adaptation through  incremental  generative  model  transformations  at  runtime;self-adaptation through incremental generative model transformations at runtime;ICSE;2014;https://doi.org/10.1145/2568225.2568310;no;TRUE;TRUE;TRUE;TRUE;FALSE;FALSE;FALSE;FALSE;FALSE;FALSE;FALSE;TRUE;yes;(yes);(yes);;NO;NO;;;;
55;Gordon S. Blair, Nelly Bencomo, and Robert B. France ;Models@run.time;models@run.time;Computer;2009;;no;TRUE;;;;FALSE;;;;;;TRUE;FALSE;;;;;;;;;;
56;Clarke Jr, Edmund M and Grumberg, Orna and Kroening, Daniel and Peled, Doron and Veith, Helmut;Model Checking;model checking;MIT Press;1999;;no;TRUE;TRUE;FALSE;;FALSE;;;;;;FALSE;FALSE;;;;Didn't find the online version;;;;;;
57;Calinescu, Radu and Ghezzi, Carlo and Kwiatkowska, Marta and Mirandola, Raffaela;Self-adaptive software needs quantitative verification at runtime;self-adaptive software needs quantitative verification at runtime;Communications of the ACM;2012;https://doi.org/10.1145/2330667.2330686;no;TRUE;TRUE;TRUE;FALSE;FALSE;FALSE;FALSE;FALSE;FALSE;FALSE;FALSE;FALSE;;;;;;;;;;
58;Holger Giese;Models in software engineering;models in software engineering;Workshop Models;2007;https://link.springer.com/book/10.1007%2F978-3-540-69073-3;no;TRUE;TRUE;TRUE;FALSE;FALSE;FALSE;FALSE;FALSE;FALSE;TRUE;FALSE;FALSE;;;;;;;;;;
59;Arcaini, Paolo and Gargantini, Angelo and Riccobene, Elvinia;Coma: Conformance monitoring of java programs by abstract state machine;coma: conformance monitoring of java programs by abstract state machine;RV;2012;https://doi.org/10.1007/978-3-642-29860-8_17;no;TRUE;TRUE;TRUE;TRUE;FALSE;FALSE;FALSE;FALSE;FALSE;FALSE;FALSE;TRUE;(yes);no;no;;NO;NO;;;;
60;R.  Calinescu,  K.  Johnson,  and  Y.  Rafiq;Developing  self-verifying service-based systems;developing self-verifying service-based systems;ASE;2013;https://doi.org/10.1109/ASE.2013.6693145;no;TRUE;TRUE;TRUE;TRUE;FALSE;TRUE;FALSE;FALSE;FALSE;FALSE;FALSE;FALSE;;;;;;;;;;
61;.  Weyns  and  R.  Calinescu;Tele assistance: a self-adaptive service-based system examplar;tele assistance: a self-adaptive service-based system examplar;SEAMS;2015;https://doi.org/10.1109/SEAMS.2015.27;no;TRUE;TRUE;TRUE;FALSE;FALSE;FALSE;TRUE;FALSE;FALSE;FALSE;FALSE;FALSE;;;;;;;;;;
62;L. Zeng, B. Benatallah, A. H.H. Ngu, M. Dumas, J. Kalagnanam, andH. Chang;Qos-aware middleware for web services composition;qos-aware middleware for web services composition;Trans. SE;2004;https://doi.org/10.1109/TSE.2004.11;no;TRUE;TRUE;TRUE;FALSE;FALSE;FALSE;FALSE;FALSE;FALSE;FALSE;FALSE;FALSE;;;;;;;;;;
63;P.  Inverardi  and  M.  Tivoli;The  Future  of  Software: Adaptation and Dependability;the future of software: adaptation and dependability;ISSSE;2008;https://doi.org/10.1007/978-3-540-95888-8_1;no;TRUE;TRUE;TRUE;FALSE;FALSE;FALSE;FALSE;TRUE;FALSE;FALSE;FALSE;FALSE;;;;;;;;;;
64;L.  Pike,  S.  Niller,  and  N.  Wegmann;Runtime  Verification  for  Ultra-Critical Systems;runtime verification for ultra-critical systems;RV;2012;https://doi.org/10.1007/978-3-642-29860-8_23;no;TRUE;TRUE;TRUE;FALSE;FALSE;FALSE;FALSE;FALSE;FALSE;FALSE;FALSE;FALSE;;;;;;;;;;
65;. Weyns, M. U. Iftikhar, D. G. de la Iglesia, and T. Ahmad;A survey of formal methods in self-adaptive systems;a survey of formal methods in self-adaptive systems;C3S2E;2012;https://doi.org/10.1145/2347583.2347592;no;TRUE;TRUE;TRUE;FALSE;FALSE;FALSE;FALSE;TRUE;FALSE;FALSE;FALSE;FALSE;;;;;;;;;;
66;G.  Tamura,  N.  M.  Villegas,  H.  A.  M ̈uller,  J.  P.  Sousa,  B.  Becker,G.  Karsai,  S.  Mankovskii,  M.  Pezz`e,  W.  Sch ̈afer,  L.  Tahvildariet  al.;Towards  practical  runtime  verification  and  validation  of  self-adaptivesoftware  systems;towards practical runtime verification and validation of self-adaptivesoftware systems;SEAMS;2013;https://doi.org/10.1007/978-3-642-35813-5_5;no;TRUE;TRUE;TRUE;FALSE;FALSE;FALSE;FALSE;FALSE;FALSE;FALSE;FALSE;FALSE;;;;;;;;;;
67;R. de Lemos, H. Giese, H. A. M ̈uller, M. Shaw, J. Andersson, M. Litoiu,B. Schmerl, G. Tamura, N. M. Villegas, T. Vogel, D. Weyns, L. Baresi,B. Becker, N. Bencomo, Y. Brun, B. Cukic, R. Desmarais, S. Dustdar,G. Engels, K. Geihs, K. M. G ̈oschka, A. Gorla, V. Grassi, P. Inverardi,G.  Karsai,  J.  Kramer,  A.  Lopes,  J.  Magee,  S.  Malek,  S.  Mankovskii,R.  Mirandola,  J.  Mylopoulos,  O.  Nierstrasz,  M.  Pezz`e,  C.  Prehofer,W.  Sch ̈afer,  R.  Schlichting,  D.  B.  Smith,  J.  P.  Sousa,  L.  Tahvildari,K.  Wong,  and  J.  Wuttke;Software  Engineering  for  Self-Adaptive  Systems: A Second Research Roadmap;software engineering for self-adaptive systems: a second research roadmap;International Seminar, Dagstuhl;2013;https://doi.org/10.1007/978-3-642-35813-5_1;no;TRUE;TRUE;TRUE;FALSE;FALSE;FALSE;FALSE;TRUE;FALSE;FALSE;FALSE;FALSE;;;;;;;;;;
68;M.  Kwiatkowska,  G.  Norman,  and  D.  Parker;Probabilistic  SymbolicModel Checking with PRISM: A Hybrid Approach;probabilistic symbolicmodel checking with prism: a hybrid approach;STTT;2002;https://doi.org/10.1007/s10009-004-0140-2;no;TRUE;TRUE;TRUE;FALSE;FALSE;FALSE;FALSE;FALSE;FALSE;FALSE;FALSE;FALSE;;;;;;;;;;
69;. Baier, J.-P. Katoen et al.;Principles of model checking;principles of model checking;MIT Press;2008;https://mitpress.mit.edu/books/principles-model-checking;no;TRUE;TRUE;TRUE;FALSE;FALSE;FALSE;FALSE;FALSE;TRUE;FALSE;FALSE;FALSE;;;;;;;;;;
70;. Bencomo, A. Bennaceur, P. Grace, G. Blair, and V. Issarn;The role of         models@run.time  in  supporting  on-the-fly  interoperability;the role of models@run.time in supporting on-the-fly interoperability;Computing;2013;https://doi.org/10.1007/s00607-012-0224-x;no;TRUE;TRUE;TRUE;TRUE;FALSE;FALSE;FALSE;FALSE;FALSE;FALSE;FALSE;TRUE;(yes);no;yes;;NO;NO;;;;
71;G.  A.  Moreno,  J.  Cámara,  D.  Garlan,  and  B.  Schmerl;Proactive self-adaptation   under   uncertainty:   A   probabilistic   model   checking approach;proactive self-adaptation under uncertainty: a probabilistic model checking approach;ESEC/FSE;2015;https://doi.org/10.1145/2786805.2786853;no;TRUE;TRUE;TRUE;TRUE;FALSE;FALSE;FALSE;FALSE;FALSE;FALSE;FALSE;TRUE;yes;(yes);no;;NO;NO;;;;
72;. Chen, H. Mao, M. Jaeger, T. D. Nielsen, K. Guldstrand Larsen, and B. Nielsen;Learning Markov Models for Stationary System Behaviors;learning markov models for stationary system behaviors;NFM;2012;https://doi.org/10.1007/978-3-642-28891-3_22;no;TRUE;TRUE;TRUE;FALSE;FALSE;FALSE;FALSE;FALSE;FALSE;FALSE;FALSE;FALSE;;;;;;;;;;
73;A.   Filieri,   C.   Ghezzi,   A.   Leva,   and   M.   Maggio;Self-adaptive software   meets   control   theory:   A   preliminary   approach   supporting reliability  requirements;self-adaptive software meets control theory: a preliminary approach supporting reliability requirements;ASE;2011;https://doi.org/10.1109/ASE.2011.6100064;no;TRUE;TRUE;TRUE;TRUE;FALSE;FALSE;FALSE;FALSE;FALSE;FALSE;FALSE;TRUE;yes;(yes);yes;;NO;NO;;;;
74;J.  Magee  and  J.  Kramer;State models and java programs;state models and java programs;Book;1999;;no;TRUE;TRUE;TRUE;;FALSE;FALSE;FALSE;FALSE;TRUE;FALSE;FALSE;FALSE;;;;;;;;;;
75;L.  L.  Muniz,  U.  S.  C.  Netto,  and  P.  H.  M.  Maia;Tcg  -  a model-based testing tool for functional and statistical testing;tcg - a model-based testing tool for functional and statistical testing;ICEIS;2015;https://doi.org/10.5220/0005398604040411;no;TRUE;TRUE;TRUE;FALSE;FALSE;FALSE;FALSE;FALSE;FALSE;FALSE;FALSE;FALSE;;;;;;;;;;
76;M.  Kwiatkowska,;Quantitative  verification:  models  techniques  and tools;quantitative verification: models techniques and tools;FSE;2007;https://doi.org/10.1145/1295014.1295018;no;TRUE;TRUE;TRUE;FALSE;FALSE;FALSE;FALSE;FALSE;FALSE;FALSE;FALSE;FALSE;;;;;;;;;;
77;S.  Maoz,;Using  model-based  traces  as  runtime  models;using model-based traces as runtime models;Computer;2009;https://doi.org/10.1109/MC.2009.336;no;TRUE;TRUE;TRUE;TRUE;FALSE;FALSE;FALSE;FALSE;FALSE;FALSE;FALSE;TRUE;(yes);(yes);(yes);;NO;NO;;;;
78;E.  Gamma,  R.  Helm,  R.  Johnson,  and  J.  Vlissides;Design  Patterns:Elements  of  Reusable  Object-oriented  Software;design patterns:elements of reusable object-oriented software;Addison-Wesley Longman Publishing Co;1995;http://www.uml.org.cn/c%2B%2B/pdf/DesignPatterns.pdf;no;TRUE;TRUE;TRUE;FALSE;FALSE;FALSE;FALSE;FALSE;TRUE;FALSE;FALSE;FALSE;;;;;;;;;;
79;.  T.  Eugster,  P.  A.  Felber,  R.  Guerraoui,  and  A.-M.  Kermarrec;The many  faces  of  publish/subscribe;the many faces of publish/subscribe;CSUR;2003;https://doi.org/10.1145/857076.857078;no;TRUE;TRUE;TRUE;FALSE;FALSE;FALSE;FALSE;TRUE;FALSE;FALSE;FALSE;FALSE;;;;;;;;;;
80;Jane Cleland-Huang, Michael Vierhauser, Sean Bayley;Dronology: An Incubator for Cyber-Physical System Research;dronology: an incubator for cyber-physical system research;under submission;2018;https://arxiv.org/abs/1804.02423;no;TRUE;TRUE;TRUE;FALSE;FALSE;TRUE;TRUE;FALSE;TRUE;FALSE;FALSE;FALSE;;;;;;;;;;
81;T. Vogel;mRUBiS: an exemplar for model-based architectural self-healing and self-optimization;mrubis: an exemplar for model-based architectural self-healing and self-optimization;SEAMS;2018;https://doi.org/10.1145/3194133.3194161;no;TRUE;TRUE;TRUE;FALSE;FALSE;FALSE;TRUE;FALSE;FALSE;FALSE;FALSE;FALSE;;;;;;;;;;
82;Vierhauser, Michael and Cleland-Huang, Jane and Bayley, Sean and Krismayer, Thomas and Rabiser, Rick and Grünbacher, Pau;Monitoring CPS at Runtime - A Case Study in the UAV Domain;monitoring cps at runtime - a case study in the uav domain;SEAA;2018;https://doi.org/10.1109/SEAA.2018.00022;no;TRUE;TRUE;TRUE;FALSE;FALSE;FALSE;FALSE;FALSE;FALSE;FALSE;FALSE;FALSE;;;;;;;;;;
83;Duarte, Lucio Mauro and Maia, Paulo Henrique Mendes and Silva, Ana Carolina Sanchotene;Extraction of Probabilistic Behaviour Models Based on Contexts;extraction of probabilistic behaviour models based on contexts;MiSE;2018;https://ieeexplore.ieee.org/abstract/document/8445455;no;TRUE;TRUE;TRUE;TRUE;FALSE;FALSE;FALSE;FALSE;FALSE;FALSE;FALSE;TRUE;yes;no;yes;;NO;NO;;;;
84;Bagheri, Maryam and Sirjani, Marjan and Khamespanah, Ehsan and Movaghar, Ali;A Compositional Approach for Reliable Adaptation of Track-based Traffic Control Systems at Runtime;a compositional approach for reliable adaptation of track-based traffic control systems at runtime;;2019;https://arxiv.org/abs/1905.06732;no;TRUE;FALSE;TRUE;TRUE;FALSE;FALSE;FALSE;FALSE;TRUE;FALSE;FALSE;FALSE;;;;;;;;;;
85;Wotawa, Franz;Reasoning from First Principles for Self-adaptive and Autonomous Systems;reasoning from first principles for self-adaptive and autonomous systems;Book;2019;https://doi.org/10.1007/978-3-030-05645-2_15;no;TRUE;TRUE;TRUE;FALSE;FALSE;FALSE;FALSE;FALSE;FALSE;FALSE;FALSE;FALSE;;;;;;;;;;
86;Lu, Chao-Ze and Zeng, Guo-Sun and Liu, Wen-Juan;Software Evolution Rules with Condition Constrains to Support Component Type Matching Based on Bigraph;software evolution rules with condition constrains to support component type matching based on bigraph;IJSEKE;2018;https://doi.org/10.1142/S0218194018500419;no;TRUE;TRUE;TRUE;FALSE;FALSE;FALSE;FALSE;FALSE;FALSE;FALSE;FALSE;FALSE;;;;No context or behaviour modelling approach, architecture representation (component level);;;;;;
87;J. Buckley, T. Mens, M. Zenger, A. Rashid, and G. Kniesel;Towards a taxonomy of software change;towards a taxonomy of software change;JSME;2005;https://doi.org/10.1002/smr.319;no;TRUE;TRUE;TRUE;FALSE;FALSE;FALSE;FALSE;FALSE;FALSE;FALSE;FALSE;FALSE;;;;;;;;;;
88;M. Salehie and L. Tahvildari,;Self-adaptive software: Landscape and research challenges;self-adaptive software: landscape and research challenges;TAAS;2009;https://doi.org/10.1145/1516533.1516538;no;TRUE;TRUE;TRUE;FALSE;FALSE;FALSE;FALSE;TRUE;FALSE;FALSE;FALSE;FALSE;;;;;;;;;;
89;B. H. Cheng and others,;Software engineering for self-adaptive systems: A research roadmap;software engineering for self-adaptive systems: a research roadmap;International Seminar, Dagstuhl;2009;https://doi.org/10.1007/978-3-642-02161-9_1;no;TRUE;TRUE;TRUE;FALSE;FALSE;FALSE;FALSE;TRUE;FALSE;FALSE;FALSE;FALSE;;;;;;;;;;
90;D. Weyns, M. U. Iftikhar, S. Malek, and J. Andersson;Claims and supporting evidence for self-adaptive systems: A literature study;claims and supporting evidence for self-adaptive systems: a literature study;SEAMS;2012;https://doi.org/10.1109/SEAMS.2012.6224395;no;TRUE;TRUE;TRUE;FALSE;FALSE;FALSE;FALSE;TRUE;FALSE;FALSE;FALSE;FALSE;;;;;;;;;;
91;R. de Lemos and others,;Software engineering for self-adaptive systems: A second research roadmap;software engineering for self-adaptive systems: a second research roadmap;International Seminar, Dagstuhl;2013;https://doi.org/10.1007/978-3-642-35813-5_1;no;TRUE;;;;FALSE;;;;;;TRUE;FALSE;;;;;;;;;;
92;. M. Sadjadi, P. K. McKinley, B. H. C. Cheng, and R. E. K. Stirewalt;TRAP/J: Transparent generation of adaptable Java programs;trap/j: transparent generation of adaptable java programs;CoopIS/DOA/ODBASE;2004;https://doi.org/10.1007/978-3-540-30469-2_28;no;TRUE;TRUE;TRUE;FALSE;FALSE;FALSE;FALSE;FALSE;FALSE;FALSE;FALSE;FALSE;;;;Define an approach to enable adaptability in a Java program, nothing about the model part of adaptation process;;;;;;
93;R. Pawlak, L. Duchien, G. Florin, and L. Seinturier;JAC: A flexible solution for aspect-oriented programming in Java;jac: a flexible solution for aspect-oriented programming in java;REFLECTION;2001;https://doi.org/10.1007/3-540-45429-2_1;no;TRUE;TRUE;TRUE;FALSE;FALSE;FALSE;FALSE;FALSE;FALSE;FALSE;FALSE;FALSE;;;;;;;;;;
94;. Greenwood and L. Blair,;A framework for policy driven auto-adaptive systems using dynamic framed aspects;a framework for policy driven auto-adaptive systems using dynamic framed aspects;TAOSD;2006;https://doi.org/10.1007/11922827_2;no;TRUE;TRUE;TRUE;TRUE;FALSE;FALSE;FALSE;FALSE;FALSE;FALSE;FALSE;TRUE;no;no;yes;;NO;NO;;;;
95;.-C. David and T. Ledoux,;An aspect-oriented approach for developingself-adaptive fractal components;an aspect-oriented approach for developingself-adaptive fractal components;SC;2006;https://doi.org/10.1007/11821946_6;no;TRUE;TRUE;TRUE;TRUE;FALSE;FALSE;FALSE;FALSE;FALSE;FALSE;FALSE;TRUE;no;(yes);yes;;NO;NO;;;;
96;A. Charfi, T. Dinkelaker, and M. Mezini;A plug-in architecture for self-adaptive web service compositions;a plug-in architecture for self-adaptive web service compositions;ICWS;2009;https://doi.org/10.1109/ICWS.2009.125;no;TRUE;TRUE;TRUE;TRUE;FALSE;FALSE;FALSE;FALSE;FALSE;FALSE;FALSE;TRUE;no;(yes);(yes);;NO;NO;;;;
97;R. Haesevoets, E. Truyen, T. Holvoet, and W. Joosen;Weaving the fabric of the control loop through aspects;weaving the fabric of the control loop through aspects;SOAR;2010;https://doi.org/10.1007/978-3-642-14412-7_3;no;TRUE;TRUE;TRUE;FALSE;FALSE;FALSE;FALSE;FALSE;FALSE;FALSE;FALSE;FALSE;;;;;;;;;;
98;. Tallabaci and V. E. S. Souza,;Engineering adaptation with Zanshin:an experience report;engineering adaptation with zanshin:an experience report;SEAMS;2013;https://doi.org/10.1109/SEAMS.2013.6595496;no;TRUE;TRUE;TRUE;FALSE;FALSE;FALSE;FALSE;FALSE;FALSE;FALSE;FALSE;FALSE;;;;;;;;;;
99;L. Nahabedian, V. Braberman, N. D’Ippolito, S. Honiden, J. Kramer,K. Tei, and S. Uchitel;Assured and correct dynamic update of controllers;assured and correct dynamic update of controllers;SEAMS;2016;https://doi.org/10.1109/SEAMS.2016.019;no;TRUE;TRUE;TRUE;FALSE;FALSE;FALSE;FALSE;FALSE;FALSE;FALSE;FALSE;FALSE;;;;;NO;NO;;;;
100;D. Weyns, M. U. Iftikhar, D. G. de la Iglesia, and T. Ahmad;A survey of formal methods in self-adaptive systems;a survey of formal methods in self-adaptive systems;C3S2E;2012;;no;TRUE;;;;FALSE;;;;;;TRUE;FALSE;;;;;;;;;;
101;. Katz and S. Katz,;Modular verification of strongly invasive aspects;modular verification of strongly invasive aspects;Languages: From Formal to Natural;2009;https://doi.org/10.1007/978-3-642-01748-3_9;no;TRUE;TRUE;TRUE;FALSE;FALSE;FALSE;FALSE;FALSE;FALSE;FALSE;FALSE;FALSE;;;;;;;;;;
102;. Weyns and R. Calinescu,;Tele Assistance: A Self-Adaptive Service-Based System Examplar;tele assistance: a self-adaptive service-based system examplar;SEAMS;2015;;no;TRUE;;;;FALSE;;;;;;TRUE;FALSE;;;;;;;;;;
103;. Kramer and J. Magee,;The Evolving Philosopher Problem: Dynamic Change Management;the evolving philosopher problem: dynamic change management;TSE;1990;https://doi.org/10.1109/32.60317;no;TRUE;TRUE;TRUE;TRUE;FALSE;FALSE;FALSE;FALSE;FALSE;FALSE;FALSE;TRUE;yes;(yes);(yes);;NO;NO;;;;
104;. Vandewoude, P. Ebraert, Y. Berbers, and T. D’Hondt;Tranquility:A low disruptive alternative to quiescence for ensuring safe dynamicupdates;tranquility:a low disruptive alternative to quiescence for ensuring safe dynamicupdates;TSE;2007;https://doi.org/10.1109/TSE.2007.70733;no;TRUE;TRUE;TRUE;FALSE;FALSE;FALSE;FALSE;FALSE;FALSE;FALSE;FALSE;FALSE;;;;;;;;;;
105;M. Clavel, F. Durán, S. Eker, P. Lincoln, N. Martí-Oliet, J. Meseguer,and J. F. Quesada;Maude: Specification and programming in rewriting logic;maude: specification and programming in rewriting logic;Theoritical CS;2002;https://doi.org/10.1016/S0304-3975(01)00359-0;no;TRUE;TRUE;TRUE;FALSE;FALSE;FALSE;FALSE;FALSE;FALSE;FALSE;FALSE;FALSE;;;;;;;;;;
106;R. Bruni, A. Corradini, F. Gadducci, A. Lluch Lafuente, and A. Vandi;Modelling  and  analyzing  adaptive  self-assembly  strategies  with Maude;modelling and analyzing adaptive self-assembly strategies with maude;Science of CP;2015;https://doi.org/10.1007/978-3-642-34005-5_7;no;TRUE;TRUE;TRUE;TRUE;FALSE;FALSE;FALSE;FALSE;FALSE;FALSE;FALSE;TRUE;no;no;yes;;NO;NO;;;;
107;B.Djoudi, C. Bouanaka, and N. Zeghib;Model checking pervasive context-aware systems;model checking pervasive context-aware systems;WETICE;2014;https://doi.org/10.1109/WETICE.2014.11;no;TRUE;TRUE;TRUE;TRUE;FALSE;FALSE;FALSE;FALSE;FALSE;FALSE;FALSE;TRUE;(yes);(yes);yes;;NO;NO;;;;
108;Y. Tahara, A. Ohsuga, and S. Honiden;Rewriting Logic Model of Compositional Abstraction of Aspect-Oriented Software;rewriting logic model of compositional abstraction of aspect-oriented software;FOAL;2010;http://www.cs.ucf.edu/~leavens/FOAL/papers-2010/proceedings.pdf#page=58;no;TRUE;TRUE;TRUE;FALSE;FALSE;FALSE;FALSE;FALSE;FALSE;FALSE;FALSE;FALSE;;;;;;;;;;
109;J. Pérez, I. Ramos, J. Jaén, P. Letelier, and E. Navarro,;PRISMA:Towards quality, aspect oriented and dynamic software architectures;prisma:towards quality, aspect oriented and dynamic software architectures;QSIC;2003;https://doi.org/10.1109/QSIC.2003.1319086;no;TRUE;TRUE;TRUE;FALSE;FALSE;FALSE;FALSE;FALSE;FALSE;FALSE;FALSE;FALSE;;;;;;;;;;
110;. Sánchez, L. Fuentes, A. Jackson, and S. Clarke;Aspects at the Right Time;aspects at the right time;TAOSD;2007;https://doi.org/10.1007/978-3-540-77042-8_3;no;TRUE;TRUE;TRUE;FALSE;FALSE;FALSE;FALSE;FALSE;FALSE;FALSE;FALSE;FALSE;;;;;;;;;;
111;C. Parra, X. Blanc, A. Cleve, and L. Duchien,;Unifying design and runtime software adaptation using aspect models;unifying design and runtime software adaptation using aspect models;JSCIO;2011;https://doi.org/10.1016/j.scico.2010.12.005;no;TRUE;TRUE;TRUE;TRUE;FALSE;FALSE;FALSE;FALSE;FALSE;FALSE;FALSE;TRUE;no;(yes);(yes);;NO;NO;;;;
112;DAOP-ADL: an architecture description language for dynamic component and aspect-based development;DAOP-ADL: an architecture description language for dynamic component and aspect-based development;daop-adl: an architecture description language for dynamic component and aspect-based development;GPCE;2005;https://doi.org/10.1007/978-3-540-39815-8_8;no;TRUE;TRUE;TRUE;TRUE;FALSE;FALSE;FALSE;FALSE;FALSE;FALSE;FALSE;TRUE;(yes);(yes);yes;;NO;NO;;;;
113;P. Falcarin and G. Alonso,;Software architecture evolution through dynamic AOP;software architecture evolution through dynamic aop;EWSA;2004;https://doi.org/10.1007/978-3-540-24769-2_5;no;TRUE;TRUE;TRUE;TRUE;FALSE;FALSE;FALSE;FALSE;FALSE;FALSE;FALSE;TRUE;no;no;yes;;NO;NO;;;;
114;M. B. Dwyer, G. S. Avrunin, and J. C. Corbett,;Property specification patterns for finite-state verification;property specification patterns for finite-state verification;FMSP;1998;https://doi.org/10.1145/298595.298598;no;TRUE;TRUE;TRUE;FALSE;FALSE;FALSE;FALSE;FALSE;FALSE;FALSE;FALSE;FALSE;;;;;;;;;;
115;Dwyer, Matthew B and Avrunin, George S and Corbett, James C;Patterns in property specifications for finite-state verification;patterns in property specifications for finite-state verification;ICSE;1999;https://doi.org/10.1145/302405.302672;no;TRUE;TRUE;TRUE;FALSE;FALSE;FALSE;FALSE;FALSE;FALSE;FALSE;FALSE;FALSE;;;;;;;;;;
116;J. Meseguer and G. Ro ̧su;The rewriting logic semantics project: A progress report;the rewriting logic semantics project: a progress report;FCT;2011;https://doi.org/10.1007/978-3-642-22953-4_1;no;TRUE;TRUE;TRUE;FALSE;FALSE;FALSE;FALSE;TRUE;FALSE;FALSE;FALSE;FALSE;;;;;;;;;;
117;. Zhang, H. J. Goldsby, and B. H. C. Cheng;Modular verification of dynamically adaptive systems;modular verification of dynamically adaptive systems;AOSD;2009;https://doi.org/10.1145/1509239.1509262;no;TRUE;TRUE;TRUE;TRUE;FALSE;FALSE;FALSE;FALSE;FALSE;FALSE;FALSE;TRUE;yes;yes;yes;;NO;NO;;;;
118;C. Krupitzer, F. M. Roth, S. Vansyckel, G. Schiele, and C. Becker;A survey on engineering approaches for self-adaptive systems;a survey on engineering approaches for self-adaptive systems;Pervasive and Movibile Computing;2015;https://doi.org/10.1016/j.pmcj.2014.09.009;no;TRUE;TRUE;TRUE;FALSE;FALSE;FALSE;FALSE;TRUE;FALSE;FALSE;FALSE;FALSE;;;;;;;;;;
119;D. Weyns, R. Haesevoets, and A. Helleboogh;The MACODO organization model for context-driven dynamic agent organizations;the macodo organization model for context-driven dynamic agent organizations;TAAS;2010;https://doi.org/10.1145/1867713.1867717;no;TRUE;TRUE;TRUE;TRUE;FALSE;FALSE;FALSE;FALSE;FALSE;FALSE;FALSE;TRUE;(yes);(yes);yes;;NO;NO;;;;
120;M. U. Iftikhar and D. Weyns,;ActivFORMS: Active formal models for self-adaptation;activforms: active formal models for self-adaptation;SEAMS;2014;;no;TRUE;;;;FALSE;;;;;;TRUE;FALSE;;;;;;;;;;
121;C. Ghezzi and A. M. Sharifloo,;Dealing with non-functional re-quirements for adaptive systems via dynamic software product-lines;dealing with non-functional re-quirements for adaptive systems via dynamic software product-lines;SEAMS;2013;https://doi.org/10.1007/978-3-642-35813-5_8;no;TRUE;TRUE;TRUE;TRUE;FALSE;FALSE;FALSE;FALSE;FALSE;FALSE;FALSE;TRUE;(yes);yes;yes;;NO;NO;;;;
122;C. Ghezzi, L. S. Pinto, P. Spoletini, and G. Tamburrelli;Managing non-functional uncertainty via model-driven adaptivity;managing non-functional uncertainty via model-driven adaptivity;ICSE;2013;https://doi.org/10.1109/ICSE.2013.6606549;no;TRUE;TRUE;TRUE;TRUE;FALSE;FALSE;FALSE;FALSE;FALSE;FALSE;FALSE;TRUE;(yes);yes;yes;;NO;NO;;;;
123;H. Tajalli, J. Garcia, G. Edwards, and N. Medvidovic;PLASMA: Aplan-based layered architecture for software model-driven adaptation;plasma: aplan-based layered architecture for software model-driven adaptation;ASE;2010;https://doi.org/10.1145/1858996.1859092;no;TRUE;TRUE;TRUE;TRUE;FALSE;FALSE;FALSE;FALSE;FALSE;FALSE;FALSE;TRUE;(yes);yes;yes;;NO;NO;;;;
124;A. Filieri and G. Tamburrelli;Probabilistic verification at runtime for self-adaptive systems;probabilistic verification at runtime for self-adaptive systems;ASAS;2013;https://doi.org/10.1007/978-3-642-36249-1_2;no;TRUE;TRUE;TRUE;TRUE;FALSE;FALSE;FALSE;TRUE;FALSE;FALSE;FALSE;FALSE;;;;;;;;;;
125;. Bartels and M. Kleine;A CSP-based framework for the specification,verification, and implementation of adaptive system;a csp-based framework for the specification,verification, and implementation of adaptive system;SEAMS;2011;https://doi.org/10.1145/1988008.1988030;no;TRUE;TRUE;TRUE;TRUE;FALSE;FALSE;FALSE;FALSE;FALSE;FALSE;FALSE;TRUE;(yes);yes;yes;;NO;NO;;;;
126;M. Cordy, A. Classen, P. Heymans, A. Legay, and P.-Y. Schobbens;Model checking adaptive software with featured transition systems;model checking adaptive software with featured transition systems;ASAS;2013;https://doi.org/10.1007/978-3-642-36249-1_1;no;TRUE;TRUE;TRUE;TRUE;FALSE;FALSE;FALSE;FALSE;FALSE;FALSE;FALSE;TRUE;(yes);(yes);yes;;NO;NO;;;;
127;B. Morin, O. Barais, G. Nain, and J.-M. Jezequel;Taming dynamically adaptive systems using models and aspects;taming dynamically adaptive systems using models and aspects;ICSE;2009;https://doi.org/10.1109/ICSE.2009.5070514;no;TRUE;TRUE;TRUE;TRUE;FALSE;FALSE;FALSE;FALSE;FALSE;FALSE;FALSE;TRUE;(yes);no;yes;;NO;NO;;;;
128;C. Disenfeld and S. Katz;A closer look at aspect interference andcooperation;a closer look at aspect interference andcooperation;AOSD;2012;https://doi.org/10.1145/2162049.2162063;no;TRUE;TRUE;TRUE;FALSE;FALSE;FALSE;FALSE;FALSE;FALSE;FALSE;FALSE;FALSE;;;;;;;;;;
129;;Specification and verification of event detectors and responses;specification and verification of event detectors and responses;AOSD;2013;https://doi.org/10.1145/2451436.2451452;no;TRUE;TRUE;TRUE;FALSE;FALSE;FALSE;FALSE;FALSE;FALSE;FALSE;FALSE;FALSE;;;;;;;;;;
130;E. Clarke, O. Grumberg, S. Jha, Y. Lu, and H. Veith;Counter example-guided abstraction refinement for symbolic model checking;counter example-guided abstraction refinement for symbolic model checking;JACM;2003;https://doi.org/10.1145/876638.876643;no;TRUE;TRUE;TRUE;FALSE;FALSE;FALSE;FALSE;FALSE;FALSE;FALSE;FALSE;FALSE;;;;;;;;;;
131;G. Zhang and M. Hölzl,;Weaving semantic aspects in HiLA;weaving semantic aspects in hila;AOSD;2012;https://doi.org/10.1145/2162049.2162080;no;TRUE;TRUE;TRUE;FALSE;FALSE;FALSE;FALSE;FALSE;FALSE;FALSE;FALSE;FALSE;;;;;;;;;;
132;BM Muir;Trust in automation: Part I. Theoretical issues in the study of trust and human intervention in automated systems;trust in automation: part i. theoretical issues in the study of trust and human intervention in automated systems;Ergonomics;2007;https://doi.org/10.1080/00140139408964957;no;TRUE;TRUE;TRUE;FALSE;FALSE;FALSE;FALSE;FALSE;FALSE;FALSE;FALSE;FALSE;;;;;;;;;;
133;AC Gillies, A Hart;Using kbs ideas in image processing - a casestudy in human computer interaction;using kbs ideas in image processing - a casestudy in human computer interaction;Annual Technical Conference of the British Computer Society Specialist Group on Expert Systems;1988;;no;TRUE;TRUE;FALSE;;FALSE;;;;;;;FALSE;;;;;;;;;;
134;Sawyer, P., Bencomo, N., Whittle, J., Letier, E., & Finkelstein, A.;Requirements-aware systems: A research agenda for re for self-adaptive systems;requirements-aware systems: a research agenda for re for self-adaptive systems;RE;2010;https://doi.org/10.1109/RE.2010.21;no;TRUE;TRUE;TRUE;FALSE;FALSE;FALSE;TRUE;FALSE;FALSE;FALSE;FALSE;FALSE;;;;;;;;;;
135;WN Robinson;A requirements monitoring framework for enterprise systems;a requirements monitoring framework for enterprise systems;RE;2006;https://doi.org/10.1007/s00766-005-0016-3;no;TRUE;TRUE;TRUE;FALSE;FALSE;FALSE;FALSE;FALSE;FALSE;FALSE;FALSE;FALSE;;;;;;;;;;
136;. Fickas and M. Feather;Requirements monitoring in dynamic environments;requirements monitoring in dynamic environments;RE;1995;https://doi.org/10.1109/ISRE.1995.512555;no;TRUE;TRUE;TRUE;FALSE;FALSE;FALSE;FALSE;FALSE;FALSE;FALSE;FALSE;FALSE;;;;;;;;;;
137;.  Grace,  D.  Hughes,  B.  Porter,  G.  Blair,  G.  Coulson,  and  F.  Taiani;Experiences  with  open  overlays:  A  middleware  approach  to  network heterogeneity;experiences with open overlays: a middleware approach to network heterogeneity;EuroSys;2008;https://doi.org/10.1145/1352592.1352606;no;TRUE;TRUE;TRUE;TRUE;FALSE;FALSE;FALSE;FALSE;FALSE;FALSE;FALSE;TRUE;no;(yes);yes;;NO;NO;;;NO;NO
138;G.  Coulson,  G.  Blair,  P.  Grace,  A.  Joolia,  K.  Lee,  J.  Ueyama,  andT.  Sivaharan;A  generic  component  model  for  building  systems  soft-ware;a generic component model for building systems soft-ware;TOCS;2008;https://doi.org/10.1145/1328671.1328672;no;TRUE;TRUE;TRUE;FALSE;FALSE;FALSE;FALSE;FALSE;FALSE;FALSE;FALSE;FALSE;;;;;;;;;;
139;.  Garlan,  S.-W.  Cheng,  A.-C.  Huang,  B.  Schmerl,  and  P.  Steenkiste;Rainbow:  Architecture-based  self-adaptation  with  reusable  infrastruc-ture;rainbow: architecture-based self-adaptation with reusable infrastruc-ture;Computer;2004;https://doi.org/10.1109/MC.2004.175;no;TRUE;TRUE;TRUE;TRUE;FALSE;FALSE;FALSE;FALSE;FALSE;FALSE;FALSE;TRUE;(yes);(yes);yes;;NO;NO;;;;
140;. C. Georgas, A. van der Hoek, and R. N. Taylor;Using architectural models to manage and visualize runtime adaptation;using architectural models to manage and visualize runtime adaptation;Computer;2009;https://doi.org/10.1109/MC.2009.335;no;TRUE;TRUE;TRUE;TRUE;FALSE;FALSE;FALSE;FALSE;FALSE;FALSE;FALSE;TRUE;yes;(yes);yes;;NO;NO;;;;
141;.  Bencomo,  J.  Whittle,  P.  Sawyer,  A.  Finkelstein,  and  E.  Letier;Requirements    reflection:    requirements    as    runtime    entities;requirements reflection: requirements as runtime entities;ICSE;2010;https://doi.org/10.1145/1810295.1810329;no;TRUE;TRUE;TRUE;TRUE;FALSE;TRUE;FALSE;FALSE;FALSE;FALSE;FALSE;FALSE;;;;;;;;;;
142;.  E.  S.  Souza,  A.  Lapouchnian,  W.  N.  Robinson,  and  J.  Mylopoulos;Awareness requirements for adaptive systems;awareness requirements for adaptive systems;SEAMS;2011;https://doi.org/10.1145/1988008.1988018;no;TRUE;TRUE;TRUE;FALSE;FALSE;FALSE;FALSE;FALSE;FALSE;FALSE;FALSE;FALSE;;;;;;;;;;
143;.  Welsh,  P.  Sawyer,  and  N.  Bencomo;Towards  requirements  aware systems:  Run-time  resolution  of  design-time  assumptions;towards requirements aware systems: run-time resolution of design-time assumptions;ASE;2011;https://doi.org/10.1109/ASE.2011.6100125;no;TRUE;TRUE;TRUE;FALSE;FALSE;TRUE;TRUE;FALSE;FALSE;FALSE;FALSE;FALSE;;;;;;;;;;
144;.  Welsh  and  P.  Sawyer,;Requirements  tracing  to  support  change  in dynamically adaptive systems;requirements tracing to support change in dynamically adaptive systems;REFSQ;2009;https://doi.org/10.1007/978-3-642-02050-6_6;no;TRUE;TRUE;TRUE;FALSE;FALSE;FALSE;FALSE;FALSE;FALSE;FALSE;FALSE;FALSE;;;;;;;;;;
145;L.  Chung,  B.  A.  Nixon,  E.  Yu,  and  J.  Mylopoulos;Non-Functional Requirements in Software Engineering;non-functional requirements in software engineering;Springer;1999;https://www.springer.com/gp/book/9780792386667;no;TRUE;TRUE;TRUE;FALSE;FALSE;FALSE;FALSE;FALSE;TRUE;FALSE;FALSE;FALSE;;;;;;;;;;
146;E.  S.  K.  Yu,;Towards  modeling  and  reasoning  support  for  early-phase  requirements  engineering;towards modeling and reasoning support for early-phase requirements engineering;RE;1997;https://doi.org/10.1109/ISRE.1997.566873;no;TRUE;TRUE;TRUE;FALSE;FALSE;FALSE;FALSE;FALSE;FALSE;FALSE;FALSE;FALSE;;;;;;;;;;
147;.  Welsh  and  P.  Sawyer;Understanding  the  scope  of  uncertainty  in dynamically adaptive systems;understanding the scope of uncertainty in dynamically adaptive systems;REFSQ;2010;https://doi.org/10.1007/978-3-642-14192-8_2;no;TRUE;TRUE;TRUE;FALSE;FALSE;FALSE;FALSE;FALSE;FALSE;FALSE;FALSE;FALSE;;;;About requirement modeling;;;;;;
148;.  Whittle,  P.  Sawyer,  N.  Bencomo,  B.  H.  C.  Cheng,  and  J.-M.  Bruel;Relax:  a  language  to  address  uncertainty  in  self-adaptive  systems requirement;relax: a language to address uncertainty in self-adaptive systems requirement;RE;2010;https://doi.org/10.1007/s00766-010-0101-0;no;TRUE;TRUE;TRUE;FALSE;FALSE;FALSE;FALSE;FALSE;FALSE;FALSE;FALSE;FALSE;;;;;;;;;;
149;. Andersson, R. Lemos, S. Malek, and D. Weyns;Modeling dimensions of  self-adaptive  software  systems;modeling dimensions of self-adaptive software systems;SE for SAS;2009;https://doi.org/10.1007/978-3-642-02161-9_2;no;TRUE;TRUE;TRUE;FALSE;FALSE;FALSE;FALSE;FALSE;FALSE;FALSE;FALSE;FALSE;;;;;;;;;;
150;H.  J.  Goldsby,  P.  Sawyer,  N.  Bencomo,  D.  Hughes,  and  B.  H.  Cheng;Goal-based  modeling  of  dynamically  adaptive  system  requirements;goal-based modeling of dynamically adaptive system requirements;ECBS;2008;https://doi.org/10.1109/ECBS.2008.22;no;TRUE;TRUE;TRUE;FALSE;FALSE;FALSE;FALSE;FALSE;FALSE;FALSE;FALSE;FALSE;;;;;;;;;;
151;B. Y. Lim, A. K. Dey, and D. Avrahami,;Why and why not explanations improve  the   intelligibility  of   context-aware  intelligent   systems;why and why not explanations improve the intelligibility of context-aware intelligent systems;CHI;2009;https://doi.org/10.1145/1518701.1519023;no;TRUE;TRUE;TRUE;FALSE;FALSE;FALSE;FALSE;TRUE;FALSE;FALSE;FALSE;FALSE;;;;;;;;;;
152;.  Hughes,  P.  Greenwood,  G.  Coulson,  G.  Blair,  F.  Pappenberger,P.  Smith,  and  K.  Beven;Gridstix:  Supporting  flood  prediction  using embedded   hardware   and   next   generation   grid   middleware;gridstix: supporting flood prediction using embedded hardware and next generation grid middleware;MDC;2006;https://doi.org/10.1109/WOWMOM.2006.49;no;TRUE;TRUE;TRUE;FALSE;FALSE;FALSE;FALSE;FALSE;FALSE;FALSE;FALSE;FALSE;;;;;;;;;;
153;.  Duggan  and  F.  Bent;Explaining  type  inference;explaining type inference;Sc. Of Comp. Prog.;1995;https://doi.org/10.1016/0167-6423(95)00007-0;no;TRUE;TRUE;TRUE;FALSE;FALSE;FALSE;FALSE;FALSE;FALSE;FALSE;FALSE;FALSE;;;;;;;;;;
154;. Van Baalen, P. Robinson, M. Lowry, and T. Pressburge;Explaining synthesized  software;explaining synthesized software;ASE;1998;https://doi.org/10.1109/ASE.1998.732661;no;TRUE;TRUE;TRUE;FALSE;FALSE;FALSE;FALSE;FALSE;FALSE;FALSE;FALSE;FALSE;;;;;;;;;;
155;.  Huang,  X.  Huang,  A.  Fiedler,  and  A.  Fiedler;Proof  verbalization as an application of nlg;proof verbalization as an application of nlg;IJCAI;1997;http://citeseerx.ist.psu.edu/viewdoc/download?doi=10.1.1.53.8564&rep=rep1&type=pdf;no;TRUE;TRUE;TRUE;FALSE;FALSE;FALSE;FALSE;FALSE;FALSE;FALSE;FALSE;FALSE;;;;;;;;;;
156;.   Bundy, ;Automated   theorem   provers:   a   practical   tool   for   theworking    mathematician?;automated theorem provers: a practical tool for theworking mathematician?;Annals of Mathematics and AI;2011;http://dx.doi.org/10.1007/s10472-011-9248-8;no;TRUE;TRUE;TRUE;FALSE;FALSE;FALSE;FALSE;FALSE;FALSE;FALSE;FALSE;FALSE;;;;;;;;;;
157;M.  Golan  and  D.  R.  Hanson;Duel  -  a  very  high-level  debugging language;duel - a very high-level debugging language;USENIX Winter;1993;http://citeseerx.ist.psu.edu/viewdoc/download?doi=10.1.1.42.7636&rep=rep1&type=pdf;no;TRUE;TRUE;TRUE;FALSE;FALSE;FALSE;FALSE;FALSE;FALSE;FALSE;FALSE;FALSE;;;;;;;;;;
158;J.Yang,M.L.Soffa,L.Selavo,andK.Whitehouse;Clairvoyant:   a   comprehensive   source-level   debugger   for   wirelesssensor  networks;clairvoyant: a comprehensive source-level debugger for wirelesssensor networks;SenSys;2007;https://doi.org/10.1145/1322263.1322282;no;TRUE;TRUE;TRUE;FALSE;FALSE;FALSE;FALSE;FALSE;FALSE;FALSE;FALSE;FALSE;;;;;;;;;;
159;. E. Silva Souza, A. Lapouchnian, W. N. Robinson, and J. Mylopoulos;Awareness  requirements  for  adaptive  systems;awareness requirements for adaptive systems;SEAMS;2011;https://doi.org/10.1145/1988008.1988018;no;TRUE;;;;FALSE;;;;;;TRUE;FALSE;;;;;;;;;;
160;L. Baresi, L. Pasquale, and P. Spoletini;Fuzzy goals for requirements-driven adaptation;fuzzy goals for requirements-driven adaptation;RE;2010;https://doi.org/10.1109/RE.2010.25;no;TRUE;TRUE;TRUE;TRUE;FALSE;FALSE;FALSE;FALSE;FALSE;FALSE;FALSE;TRUE;(yes);(yes);yes;;NO;NO;;;;
161;H. Nakagawa, A. Ohsuga, and S. Honiden;Constructing self-adaptive systems  using  a  kaos  model;constructing self-adaptive systems using a kaos model;SASOW;2008;https://doi.org/10.1109/SASOW.2008.35;no;TRUE;TRUE;TRUE;FALSE;FALSE;FALSE;FALSE;FALSE;FALSE;FALSE;FALSE;FALSE;;;;;;;;;;
162;. Dardenne, A. van Lamsweerde, and S. Fickas;Goal-directed requirements  acquisition;goal-directed requirements acquisition;Sci. of comp. prog.;1993;https://doi.org/10.1016/0167-6423(93)90021-G;no;TRUE;;;;FALSE;;;;;;TRUE;FALSE;;;;;;;;;;
163;M. M. Lehman and M. M. x Ramil,;Software evolution  background, theory, practice;software evolution background, theory, practice;Inf. Proc. Letters;2003;https://doi.org/10.1016/S0020-0190(03)00382-X;no;no;TRUE;TRUE;FALSE;FALSE;FALSE;FALSE;TRUE;FALSE;FALSE;FALSE;FALSE;;;;;;;;;;
164;N. Anquetil, B. Grammel, I. Galvao , J. Noppen, S. Shakil , H. Arboleda,A.  Rashid,  and  A.  Garcia;Traceability  for  model  driven,  software product line engineering;traceability for model driven, software product line engineering;ECMDA;2008;http://citeseerx.ist.psu.edu/viewdoc/summary?doi=10.1.1.482.6770;no;no;TRUE;TRUE;FALSE;FALSE;FALSE;FALSE;FALSE;FALSE;FALSE;FALSE;FALSE;;;;;;;;;;
165;S.M. Amin and B.F. Wollenberg;Toward a smart grid: power delivery for the 21st century;toward a smart grid: power delivery for the 21st century;Power and Energy Magazine;2005;https://doi.org/10.1109/MPAE.2005.1507024;no;TRUE;TRUE;TRUE;FALSE;FALSE;FALSE;FALSE;FALSE;FALSE;FALSE;FALSE;FALSE;;;;;;;;;;
166;A.  Barth,  B.  I.  P.  Rubinstein,  M.  Sundararajan,  J.  C.  Mitchell,  D.  X.  Song,and  P.  L.  Bartlett;A  learning-based  approach  to  reactive  security;a learning-based approach to reactive security;TDSC;2012;https://doi.org/10.1109/TDSC.2011.42;no;TRUE;TRUE;TRUE;FALSE;FALSE;FALSE;FALSE;FALSE;FALSE;FALSE;FALSE;FALSE;;;;;;;;;;
167;Todd Baumeister;Literature Review on Smart Grid Cyber Security;literature review on smart grid cyber security;Univ. of Hawai;2010;https://pdfs.semanticscholar.org/0ea0/4b2c12945f486c7967699f00433a8a98a1f1.pdf;no;TRUE;TRUE;TRUE;FALSE;FALSE;FALSE;FALSE;TRUE;TRUE;FALSE;FALSE;FALSE;;;;;;;;;;
168;R.  Berthier,  W.H.  Sanders,  and  H.  Khurana;Intrusion  detection  for  advanced metering  infrastructures:  Requirements  and  architectural  directions;intrusion detection for advanced metering infrastructures: requirements and architectural directions;GridComm;2010;https://doi.org/10.1109/SMARTGRID.2010.5622068;no;TRUE;TRUE;TRUE;FALSE;FALSE;FALSE;FALSE;FALSE;FALSE;FALSE;FALSE;FALSE;;;;;;;;;;
169;Robin Berthier and William H. Sanders;Specification-based intrusion detection for advanced metering infrastructure;specification-based intrusion detection for advanced metering infrastructure;PRDC;2011;https://doi.org/10.1109/PRDC.2011.30;no;TRUE;TRUE;TRUE;FALSE;FALSE;FALSE;FALSE;FALSE;FALSE;FALSE;FALSE;FALSE;;;;;;;;;;
170;G. Blair, N. Bencomo, and R.B. France;Models@run.time;models@run.time;Computer;2009;;no;TRUE;;;;FALSE;;;;;;TRUE;FALSE;;;;;;;;;;
171;S.  Bruno,  S.  Lamonaca,  M.L.  Scala,  G.  Rotondo,  and  U.  Stecch;Load  control through smart-metering on distribution networks;load control through smart-metering on distribution networks;PowerTech;2009;https://doi.org/10.1109/PTC.2009.5282256;no;TRUE;TRUE;TRUE;FALSE;FALSE;FALSE;FALSE;FALSE;FALSE;FALSE;FALSE;FALSE;;;;;;;;;;
172;J. C. Cepeda, D.O. Ramirez, and D.G. Colome.;Probabilistic-based overload estimation  for  real-time  smart  grid  vulnerability  assessment;probabilistic-based overload estimation for real-time smart grid vulnerability assessment;T D-LA;2012;https://doi.org/10.1109/TDC-LA.2012.6319111;no;TRUE;TRUE;TRUE;FALSE;FALSE;FALSE;FALSE;FALSE;FALSE;FALSE;FALSE;FALSE;;;;;;;;;;
173;Axel Cleeremans, David Servan-Schreiber, and James L McClelland;Finite state automata and simple recurrent networks;finite state automata and simple recurrent networks;Neural computation;1989;https://doi.org/10.1162/neco.1989.1.3.372;no;TRUE;TRUE;TRUE;FALSE;FALSE;FALSE;FALSE;FALSE;FALSE;FALSE;FALSE;FALSE;;;;;;;;;;
174;S. Deilami, A.S. Masoum, P.S. Moses, and M. A S Masoum;Real-time coordination of  plug-in  electric  vehicle  charging  in  smart  grids  to  minimize  power  losses  and improve voltage profile;real-time coordination of plug-in electric vehicle charging in smart grids to minimize power losses and improve voltage profile;TSG;2011;https://doi.org/10.1109/TSG.2011.2159816;no;TRUE;TRUE;TRUE;FALSE;FALSE;FALSE;FALSE;FALSE;FALSE;FALSE;FALSE;FALSE;;;;;;;;;;
175;ECMA International;Standard ECMA-262 - ECMAScript Language Specification;standard ecma-262 - ecmascript language specification;ECMA International;;https://www.ecma-international.org/publications/standards/Ecma-262.htm;no;TRUE;TRUE;TRUE;FALSE;FALSE;FALSE;FALSE;FALSE;TRUE;FALSE;FALSE;FALSE;;;;;;;;;;
176;C. Efthymiou and G. Kalogridis;Smart grid privacy via anonymization of smart metering data;smart grid privacy via anonymization of smart metering data;SmartGridComm;2010;https://doi.org/10.1109/SMARTGRID.2010.5622050;no;TRUE;TRUE;TRUE;FALSE;FALSE;FALSE;FALSE;FALSE;FALSE;FALSE;FALSE;FALSE;;;;;;;;;;
177;G. N. Ericsson;Cyber Security and Power System Communication–Essential Parts of a Smart Grid Infrastructure;cyber security and power system communication–essential parts of a smart grid infrastructure;TPWRD;2010;https://doi.org/10.1109/TPWRD.2010.2046654;no;TRUE;TRUE;TRUE;FALSE;FALSE;FALSE;FALSE;FALSE;FALSE;FALSE;FALSE;FALSE;;;;;;;;;;
178;Xi Fang, Satyajayant Misra, Guoliang Xue, and Dejun Yang;Smart grid—the new and  improved  power  grid:  A  survey;smart grid—the new and improved power grid: a survey;SURV;2011;https://doi.org/10.1109/SURV.2011.101911.00087;no;TRUE;TRUE;TRUE;FALSE;FALSE;FALSE;FALSE;TRUE;FALSE;FALSE;FALSE;FALSE;;;;;;;;;;
179;H.  Farhangi;The  path  of  the  smart  grid;the path of the smart grid;MPE;2009;https://doi.org/10.1109/MPE.2009.934876;no;TRUE;TRUE;TRUE;FALSE;FALSE;FALSE;TRUE;FALSE;FALSE;FALSE;FALSE;FALSE;;;;;;;;;;
180;F. Fouquet, G. Nain, B. Morin, E. Daubert, O. Barais, N. Plouzeau, and J. Jzquel;An eclipse modelling framework alternative to meet the models@runtime requirements;an eclipse modelling framework alternative to meet the models@runtime requirements;MODELS;2012;https://doi.org/10.1007/978-3-642-33666-9_7;no;TRUE;TRUE;TRUE;FALSE;FALSE;FALSE;FALSE;FALSE;FALSE;FALSE;FALSE;FALSE;;;;;;;;;;
181;M. Fowler;Domain Specific Languages;domain specific languages;Addison-Wesley Prof;2010;https://www.martinfowler.com/books/dsl.html;no;TRUE;TRUE;TRUE;FALSE;FALSE;FALSE;FALSE;FALSE;TRUE;FALSE;FALSE;FALSE;;;;;;;;;;
182;T.  Godfrey,  S.  Mullen,  R.C.  Dugan,  C.  Rodine,  D.W.  Griffith,  and  N.  Golmie;Modeling smart grid applications with co-simulation;modeling smart grid applications with co-simulation;SmartGridComm;2010;https://doi.org/10.1109/SMARTGRID.2010.5622057;no;TRUE;TRUE;TRUE;FALSE;FALSE;FALSE;FALSE;FALSE;FALSE;FALSE;FALSE;FALSE;;;;;;;;;;
183;James Gosling, Bill Joy, Guy Steele, Gilad Bracha, and Alex Buckley.;The  JavaLanguage Specification;the javalanguage specification;;2012;;no;TRUE;TRUE;TRUE;FALSE;FALSE;FALSE;FALSE;FALSE;TRUE;FALSE;FALSE;FALSE;;;;;;;;;;
184;Robert Graglia.;Smart grid luxembourg,;smart grid luxembourg,;;2013;;no;TRUE;TRUE;FALSE;;FALSE;;;;;;;FALSE;;;;;;;;;;
185;Christophe Guille and George Gross;A conceptual framework for the vehicle-to-grid (V2G) implementation;a conceptual framework for the vehicle-to-grid (v2g) implementation;Energy Policy;2009;https://doi.org/10.1016/j.enpol.2009.05.053;no;TRUE;TRUE;TRUE;FALSE;FALSE;FALSE;FALSE;FALSE;FALSE;FALSE;FALSE;FALSE;;;;;;;;;;
186;Stuart Kent.;Model driven engineering;model driven engineering;IFM;2002;https://doi.org/10.1007/3-540-47884-1_16;no;TRUE;TRUE;TRUE;FALSE;FALSE;FALSE;FALSE;FALSE;FALSE;FALSE;FALSE;FALSE;;;;;;;;;;
187;Himanshu Khurana, Mark Hadley, Ning Lu, and Deborah A. Frincke;Smart-grid security issues;smart-grid security issues;MSP;2010;https://doi.org/10.1109/MSP.2010.49;no;TRUE;TRUE;TRUE;FALSE;FALSE;FALSE;FALSE;FALSE;FALSE;FALSE;FALSE;FALSE;;;;;;;;;;
188; D. Kundur, Xianyong Feng, Shan Liu, T. Zourntos, and K.L. Butler-Purry;Towards a framework for cyber attack impact analysis of the electric smart grid;towards a framework for cyber attack impact analysis of the electric smart grid;SmartGridComm;2010;https://doi.org/10.1109/SMARTGRID.2010.5622049;no;TRUE;TRUE;TRUE;FALSE;FALSE;FALSE;TRUE;FALSE;FALSE;FALSE;FALSE;FALSE;;;;;;;;;;
189;Gang Lu, D. De, and Wen-Zhan Song;Smartgridlab: A laboratory-based smartgrid testbed;smartgridlab: a laboratory-based smartgrid testbed;SmartGridComm;2010;https://doi.org/10.1109/SMARTGRID.2010.5622034;no;TRUE;TRUE;TRUE;FALSE;FALSE;FALSE;FALSE;FALSE;FALSE;FALSE;FALSE;FALSE;;;;;;;;;;
190; Patrick McDaniel and Stephen McLaughlin;Security and privacy challenges in the smart grid;security and privacy challenges in the smart grid;MSP;2009;https://doi.org/10.1109/MSP.2009.76;no;TRUE;TRUE;TRUE;FALSE;FALSE;TRUE;;FALSE;FALSE;FALSE;FALSE;FALSE;;;;;;;;;;
191; B. Morin, O. Barais, J. Jezequel, F. Fleurey, and A. Solberg.;Models@run.time to support dynamic adaptation;models@run.time to support dynamic adaptation;Computer;;;no;TRUE;;;;FALSE;;;;;;TRUE;FALSE;;;;;;;;;;
192;Brice Morin, Olivier Barais, Gregory Nain, and Jean-Marc Jezequel;Taming dynamically adaptive systems using models and aspects;taming dynamically adaptive systems using models and aspects;ICSE;;;no;TRUE;;;;FALSE;;;;;;TRUE;FALSE;;;;;;;;;;
193;Pierre-Alain Muller, Franck Fleurey, and Jean-Marc Jézéquel;Weaving executability into object-oriented meta-languages;weaving executability into object-oriented meta-languages;MODELS;2005;https://doi.org/10.1007/11557432_19;no;TRUE;TRUE;TRUE;FALSE;FALSE;FALSE;FALSE;FALSE;FALSE;FALSE;FALSE;FALSE;;;;;;;;;;
194;Jeff  Rothenberg,  Lawrence  E.  Widman,  Kenneth  A.  Loparo,  and  Norman  R.Nielsen;The nature of modeling;the nature of modeling;;1989;http://www.jeffrothenberg.org/Prof/Pubs/Modeling/the-nature-of-modeling.pdf;no;TRUE;TRUE;TRUE;FALSE;FALSE;FALSE;FALSE;TRUE;FALSE;FALSE;FALSE;FALSE;;;;;;;;;;
195;Brent R. Rowe and Michael P. Gallaher;Private sector cyber security investment:An empirical analysis;private sector cyber security investment:an empirical analysis;WEIS;2006;https://pdfs.semanticscholar.org/a188/0f3fc72ab11f5eca24fa6970eb2a8ab69c4f.pdf;no;TRUE;TRUE;TRUE;FALSE;FALSE;FALSE;FALSE;TRUE;FALSE;FALSE;FALSE;FALSE;;;;;;;;;;
196;Fred  B  Schneider; Implementing  fault-tolerant  services  using  the  state  machineapproach: A tutorial;implementing fault-tolerant services using the state machineapproach: a tutorial;CSUR;1990;http://blough.ece.gatech.edu/8813/schneider_state_machine.pdf;no;TRUE;TRUE;TRUE;FALSE;FALSE;FALSE;TRUE;TRUE;FALSE;FALSE;FALSE;FALSE;;;;;;;;;;
197;Haleh Vafaie and Ibrahim F. Imam. I.;Feature selection methods: Genetic algorithms vs greedy-like search;feature selection methods: genetic algorithms vs greedy-like search;Fuzzy and Intelligent Control Systems;1994;http://citeseerx.ist.psu.edu/viewdoc/summary?doi=10.1.1.48.8452;no;TRUE;TRUE;TRUE;FALSE;FALSE;FALSE;FALSE;FALSE;FALSE;FALSE;FALSE;FALSE;;;;;;;;;;
198;D.P. Varodayan and G.X. Gao; Redundant metering for integrity with information-theoretic confidentiality;redundant metering for integrity with information-theoretic confidentiality;SmartGridComm;2010;https://doi.org/10.1109/SMARTGRID.2010.5622065;no;TRUE;TRUE;TRUE;FALSE;FALSE;FALSE;FALSE;FALSE;FALSE;FALSE;FALSE;FALSE;;;;;;;;;;
199;Werner Vogels;Eventually consistent;eventually consistent;Queue;2008;https://doi.org/10.1145/1466443.1466448;no;TRUE;TRUE;TRUE;FALSE;FALSE;FALSE;FALSE;FALSE;FALSE;FALSE;FALSE;FALSE;;;;;;;;;;
200;R. W. Wolf.;Stochastic modeling and the theory of queues;stochastic modeling and the theory of queues;Printice Hall;1989;https://www.pearson.com/us/higher-education/program/Wolff-Stochastic-Modeling-and-the-Theory-of-Queues/PGM81278.html;no;TRUE;TRUE;TRUE;FALSE;FALSE;FALSE;FALSE;FALSE;FALSE;TRUE;FALSE;FALSE;;;;;;;;;;
201;Fangming Zhao, Yoshikazu Hanatani, Yuichi Komano, Ben Smyth, Satoshi Ito, andToru Kambayashi;Secure authenticated key exchange with revocation for smartgrid;secure authenticated key exchange with revocation for smartgrid;ISGT;2012;https://doi.org/10.1109/ISGT.2012.6175530;no;TRUE;TRUE;TRUE;FALSE;FALSE;FALSE;FALSE;FALSE;FALSE;FALSE;FALSE;FALSE;;;;;;;;;;
202;F. Fouquet, B. Morin, F. Fleurey, O. Barais, N. Plouzeau, and J.-M. Jezequel;A dynamic component model for cyber physical systems;a dynamic component model for cyber physical systems;CBSE;2012;https://doi.org/10.1145/2304736.2304759;yes;TRUE;TRUE;TRUE;TRUE;FALSE;FALSE;FALSE;FALSE;FALSE;FALSE;FALSE;TRUE;(yes);no;yes;;NO;NO;;;;
