;;;;;;;;;Inclusion criteria;;;;Exclusion criteria;;;;;;;Research questions;;;;Snowballing iteration;
ID;Author;Title;Hidden_title;Booktitle / Journal;Year;doi / link;start set?;Hidden_IC;IC1;IC2;IC3;Hidden_EC;EC1;EC2;EC3;EC4;EC5;Duplicate?;Selected?;RQ2.1;RQ2.2;RQ2.3;Comments;Backward;Forward
1;Loli Burgueño, Manuel F. Bertoa, Nathalie Moreno, and Antonio Vallecillo;Expressing confidence in models and in model transformation elements;expressing confidence in models and in model transformation elements;MODELS;2013;https://doi.org/10.1145/3239372.3239394;yes;TRUE;TRUE;TRUE;TRUE;FALSE;FALSE;FALSE;FALSE;FALSE;FALSE;FALSE;TRUE;yes;yes;(yes);;NO;NO
2;Michäel Baudin, Anne Dutfoy, Bertrand Iooss, and Anne-Laure Popelin;Openturns: An industrial software for uncertainty quantification in simulation;openturns: an industrial software for uncertainty quantification in simulation;Handbook of U-Quant.;2017;https://doi.org/10.1007/978-3-319-12385-1_64;yes;TRUE;TRUE;TRUE;TRUE;FALSE;FALSE;FALSE;FALSE;FALSE;FALSE;FALSE;TRUE;yes;yes;yes;;NO;NO
3;Johannes Borgström, Andrew D. Gordon, Michael Greenberg, James Margetson, and Jurgen Van Gael;Measure transformer semantics for bayesian machine learning;measure transformer semantics for bayesian machine learning;LMCS;2013;https://doi.org/10.2168/LMCS-9(3:11)2013;yes;TRUE;TRUE;TRUE;TRUE;FALSE;FALSE;FALSE;FALSE;FALSE;FALSE;FALSE;TRUE;yes;yes;yes;;NO;NO
4;George E. P. Box, J. Stuart Hunter, and William G. Hunter;Statistics for Experiments: Design, Innovation, and Discovery;statistics for experiments: design, innovation, and discovery;Wiley-Interscience;2005;https://www.wiley.com/en-us/Statistics+for+Experimenters%3A+Design%2C+Innovation%2C+and+Discovery%2C+2nd+Edition-p-9780471718130;yes;TRUE;TRUE;TRUE;TRUE;FALSE;FALSE;FALSE;FALSE;TRUE;FALSE;FALSE;FALSE;;;;;;
5;Manuel F. Bertoa, Nathalie Moreno, Gala Barquero, Loli Burgueño, Javier Troya, and Antonio Vallecillo;Expressing measurement uncertainty in OCL/UML datatypes;expressing measurement uncertainty in ocl/uml datatypes;ECMFA;2018;https://doi.org/10.1007/978-3-319-92997-2_4;yes;TRUE;TRUE;TRUE;TRUE;FALSE;FALSE;FALSE;FALSE;FALSE;FALSE;FALSE;TRUE;yes;yes;(yes);;YES;NO
6;James Bornholt, Todd Mytkowicz, and Kathryn S. McKinley;Uncertain<T>: a first-order type for uncertain data;uncertain<t>: a first-order type for uncertain data;ASPLOS;2014;http://dx.doi.org/10.1145/2541940.2541958;yes;TRUE;TRUE;TRUE;TRUE;FALSE;FALSE;FALSE;FALSE;FALSE;FALSE;FALSE;TRUE;yes;yes;(yes);;YES;NO
7;James Bornholt;Abstractions and techniques for programming with uncertain data;abstractions and techniques for programming with uncertain data;Australian Univ.;2013;https://pdfs.semanticscholar.org/edd6/dd2d77624dd826f137d9962b9f506089d7d4.pdf;yes;TRUE;TRUE;TRUE;TRUE;FALSE;FALSE;TRUE;FALSE;FALSE;FALSE;FALSE;FALSE;;;;;;
8;Bob Carpenter, Andrew Gelman, Matthew D. Hoffman, Daniel Lee, Ben Goodrich, Michael Betancourt, Marcus Brubaker, Jiqiang Guo, Peter Li, and Allen Riddell;Stan : A probabilistic programming language;stan : a probabilistic programming language;JSS;2017;http://dx.doi.org/10.18637/jss.v076.i01;yes;TRUE;TRUE;TRUE;TRUE;FALSE;FALSE;FALSE;FALSE;FALSE;FALSE;FALSE;TRUE;yes;yes;yes;;YES;NO
9;Thomas Degueule;Composition and Interoperability for External Domain-Specific Language Engineering;composition and interoperability for external domain-specific language engineering;Univ. Rennes;2016;https://www.theses.fr/2016REN1S093.pdf;yes;TRUE;TRUE;TRUE;FALSE;FALSE;FALSE;TRUE;FALSE;FALSE;FALSE;FALSE;FALSE;;;;;;
10;Arthur P Dempster;A generalization of bayesian inference;a generalization of bayesian inference;JRSS;1968;http://dx.doi.org/10.1111/j.2517-6161.1968.tb00722.x;yes;TRUE;TRUE;TRUE;TRUE;FALSE;FALSE;FALSE;FALSE;TRUE;FALSE;FALSE;FALSE;;;;;;
11;Romina Eramo, Alfonso Pierantonio, and Gianni Rosa;Uncertainty in bidirectional transformations;uncertainty in bidirectional transformations;MiSE;2014;http://dx.doi.org/10.1145/2593770.2593772;yes;TRUE;TRUE;TRUE;TRUE;FALSE;FALSE;FALSE;FALSE;FALSE;FALSE;FALSE;TRUE;yes;yes;no;;NO;NO
12;Michalis Famelis, Rick Salay, and Marsha Chechik;Partial models: Towards modeling and reasoning with uncertainty;partial models: towards modeling and reasoning with uncertainty;ICSE;2012;http://dx.doi.org/10.1109/ICSE.2012.6227159;yes;TRUE;TRUE;TRUE;TRUE;FALSE;FALSE;FALSE;FALSE;FALSE;FALSE;FALSE;TRUE;yes;yes;no;;NO;NO
13;Michalis Famelis and Marsha Chechik;Managing design-time uncertainty;managing design-time uncertainty;SoSyM;2017;http://dx.doi.org/10.1007/s10270-017-0594-9;yes;TRUE;TRUE;TRUE;TRUE;FALSE;FALSE;FALSE;FALSE;FALSE;FALSE;FALSE;TRUE;yes;yes;no;;NO;NO
14;Vahid Garousi;Traffic-aware stress testing of distributed real-time systems based on UML models in the presence of time uncertainty;traffic-aware stress testing of distributed real-time systems based on uml models in the presence of time uncertainty;ICST;2008;http://dx.doi.org/10.1109/ICST.2008.7;yes;TRUE;TRUE;TRUE;TRUE;FALSE;FALSE;FALSE;FALSE;FALSE;FALSE;FALSE;TRUE;yes;yes;no;;NO;NO
15;Andrew D. Gordon, Thomas A. Henzinger, Aditya V. Nori, and Sriram K. Rajamani;Probabilistic programming;probabilistic programming;FOSE;2014;http://dx.doi.org/10.1145/2593882.2593900;yes;TRUE;TRUE;TRUE;FALSE;FALSE;FALSE;FALSE;TRUE;FALSE;FALSE;FALSE;FALSE;;;;;NO;NO
16;Israel M. Gelfand and Georgi E. Shilov;Generalized Functions;generalized functions;American Mathematical Society;1964;https://bookstore.ams.org/chel-377-h/;yes;TRUE;TRUE;TRUE;FALSE;FALSE;FALSE;FALSE;FALSE;TRUE;FALSE;FALSE;FALSE;;;;;;
17;Thomas Hartmann, Assaad Moawad, Franc ̧ois Fouquet, Yves Reckinger, Jacques Klein, and Yves Le Traon;Near real-time electric load approximation in low voltage cables of smart grids with models@run.time;near real-time electric load approximation in low voltage cables of smart grids with models@run.time;SAC;2016;http://dx.doi.org/10.1145/2851613.2853125;yes;TRUE;TRUE;TRUE;FALSE;FALSE;FALSE;FALSE;FALSE;FALSE;FALSE;FALSE;FALSE;;;;;;
18;David Harel and Bernhard Rumpe;Meaningful modeling: What’s the semantics of “semantics”?;meaningful modeling: what’s the semantics of “semantics”?;Computer;2004;http://dx.doi.org/10.1109/MC.2004.172;yes;TRUE;TRUE;TRUE;FALSE;FALSE;FALSE;FALSE;FALSE;FALSE;FALSE;FALSE;FALSE;;;;;;
19;Jean-Marc Jézéquel, Benoît Combemale, Olivier Barais, Martin Monperrus, and François Fouquet;Mashup of metalanguages and its implementation in the kermeta language workbench;mashup of metalanguages and its implementation in the kermeta language workbench;SoSyM;2015;http://dx.doi.org/10.1007/s10270-013-0354-4;yes;TRUE;TRUE;TRUE;FALSE;FALSE;FALSE;FALSE;FALSE;FALSE;FALSE;FALSE;FALSE;;;;;;
20;Eric O. LEBIGOT;Uncertainties: a python package for calculations with uncertainties;uncertainties: a python package for calculations with uncertainties;;2018;http://pythonhosted.org/uncertainties/;yes;TRUE;TRUE;TRUE;TRUE;FALSE;TRUE;FALSE;FALSE;TRUE;FALSE;FALSE;FALSE;;;;;;
21;François Lagarde, Huáscar Espinoza, François Terrier, and Sébastien Gérard;Improving uml profile design practices by leveraging conceptual domain models;improving uml profile design practices by leveraging conceptual domain models;ASE;2017;http://dx.doi.org/10.1145/1321631.1321705;yes;TRUE;TRUE;TRUE;TRUE;FALSE;TRUE;FALSE;FALSE;FALSE;FALSE;FALSE;FALSE;;;;;;
22;Heiner Lasi, Peter Fettke, Hans-Georg Kemper, Thomas Feld, and Michael Hoffmann;Industry 4.0;industry 4.0;Bus. & Info. Syst. Eng.;2014;http://dx.doi.org/10.1007/s12599-014-0334-4;yes;TRUE;TRUE;TRUE;FALSE;FALSE;FALSE;FALSE;FALSE;FALSE;FALSE;FALSE;FALSE;;;;;;
23;Gaoqi Liang, Steven R Weller, Junhua Zhao, Fengji Luo, and Zhao Yang Dong;The 2015 ukraine blackout: Implications for false data injection attacks;the 2015 ukraine blackout: implications for false data injection attacks;TPWRS;2017;http://dx.doi.org/10.1109/TPWRS.2016.2631891;yes;TRUE;TRUE;TRUE;FALSE;FALSE;TRUE;FALSE;FALSE;FALSE;FALSE;FALSE;FALSE;;;;;;
24;Erik Meijer and Peter Drayton;Static typing where possible , dynamic typing when needed : The end of the cold war between programming languages;static typing where possible , dynamic typing when needed : the end of the cold war between programming languages;OOPSLA;2004;;yes;TRUE;TRUE;TRUE;FALSE;FALSE;FALSE;FALSE;FALSE;FALSE;FALSE;FALSE;FALSE;;;;;;
25;JCfGi Metrology;Evaluation of measurement data - guide to the expression of uncertainty in measurement;evaluation of measurement data - guide to the expression of uncertainty in measurement;BIPM;2008;https://www.bipm.org/utils/common/documents/jcgm/JCGM_100_2008_E.pdf;yes;TRUE;TRUE;TRUE;TRUE;FALSE;FALSE;FALSE;FALSE;TRUE;FALSE;FALSE;FALSE;;;;;;
26;Alexander M. Mood, Franklin A. Graybill, and Duane C. Boes;Introduction to the Theory of Statistics;introduction to the theory of statistics;McGraw Hill;1963;http://www.e-booksdirectory.com/details.php?ebook=3627;yes;TRUE;TRUE;TRUE;TRUE;FALSE;FALSE;FALSE;FALSE;TRUE;FALSE;FALSE;FALSE;;;;;;
27;Peter D. Mosses;The varieties of programming language semantics;the varieties of programming language semantics;PSI;2001;http://dx.doi.org/10.1007/3-540-45575-2_18;yes;TRUE;TRUE;TRUE;FALSE;FALSE;FALSE;FALSE;FALSE;FALSE;FALSE;FALSE;FALSE;;;;;;
28;T. Minka, J.M. Winn, J.P. Guiver, Y. Zaykov, D. Fabian, and J. Bron- skill;Infer.net;infer.net;;2018;https://dotnet.github.io/infer/;yes;TRUE;TRUE;TRUE;TRUE;FALSE;FALSE;FALSE;FALSE;TRUE;FALSE;FALSE;FALSE;;;;;;
29;Tanja Mayerhofer, Manuel Wimmer, and Antonio Vallecillo;Adding uncertainty and units to quantity types in software models;adding uncertainty and units to quantity types in software models;SLE;2016;https://doi.org/10.1145/2997364.2997376;yes;TRUE;TRUE;TRUE;TRUE;FALSE;FALSE;FALSE;FALSE;FALSE;FALSE;FALSE;TRUE;yes;yes;(yes);;YES;NO
30;Benjamin C. Pierce;Types and programming languages;types and programming languages;MIT Press;2002;https://www.cis.upenn.edu/~bcpierce/tapl/;yes;TRUE;TRUE;TRUE;FALSE;FALSE;FALSE;FALSE;FALSE;TRUE;FALSE;FALSE;FALSE;;;;;;
31;Glenn Shafer;A mathematical theory of evidence;a mathematical theory of evidence;Princeton university press;1976;http://www.glennshafer.com/books/amte.html;yes;TRUE;TRUE;TRUE;FALSE;FALSE;FALSE;FALSE;FALSE;TRUE;FALSE;FALSE;FALSE;;;;;;
32;John Salvatier, Thomas V. Wiecki, and Christopher Fonnesbeck;Probabilistic programming in python using pymc3;probabilistic programming in python using pymc3;PeerJ;2016;http://dx.doi.org/10.7717/peerj-cs.55;yes;TRUE;TRUE;TRUE;TRUE;FALSE;FALSE;FALSE;FALSE;FALSE;FALSE;FALSE;TRUE;yes;yes;yes;;NO;NO
33;Chafiq Titouna, Makhlouf Aliouat, and Abdelhak Mourad Gúeroui;FDS: fault detection scheme for wireless sensor networks;fds: fault detection scheme for wireless sensor networks;WPC;2016;http://dx.doi.org/10.1007/s11277-015-2944-7;yes;TRUE;TRUE;TRUE;FALSE;FALSE;FALSE;FALSE;FALSE;FALSE;FALSE;FALSE;FALSE;;;;;;
34;Antonio Vallecillo, Carmen Morcillo, and Priscill Orue;Expressing measurement uncertainty in software models;expressing measurement uncertainty in software models;QUATIC;2016;http://dx.doi.org/10.1109/QUATIC.2016.013;yes;TRUE;TRUE;TRUE;TRUE;FALSE;FALSE;FALSE;FALSE;FALSE;FALSE;FALSE;TRUE;yes;yes;(yes);;YES;NO
35;Christian Walck;Hand-book on statistical distributions for experimentalists;hand-book on statistical distributions for experimentalists;Univ. Stockholm;1996;http://inspirehep.net/record/1389910/files/suf9601.pdf;yes;TRUE;TRUE;TRUE;TRUE;FALSE;FALSE;FALSE;FALSE;TRUE;FALSE;FALSE;FALSE;;;;;;
36;Danny Weyns;Software engineering of self-adaptive systems;software engineering of self-adaptive systems;Hand-book of SE;2019;https://doi.org/10.1007/978-3-030-00262-6_11;yes;TRUE;TRUE;TRUE;TRUE;FALSE;FALSE;TRUE;FALSE;TRUE;FALSE;FALSE;FALSE;;;;;;
37;Jon Whittle, Peter Sawyer, Nelly Bencomo, Betty H. C. Cheng, and Jean-Michel Bruel;RELAX: incorporating uncertainty into the specification of self-adaptive systems;relax: incorporating uncertainty into the specification of self-adaptive systems;RE;2009;http://dx.doi.org/10.1109/RE.2009.36;yes;TRUE;TRUE;TRUE;TRUE;FALSE;FALSE;FALSE;FALSE;FALSE;FALSE;FALSE;TRUE;yes;yes;no;;NO;NO
38;Jon Whittle, Peter Sawyer, Nelly Bencomo, Betty H. C. Cheng, and Jean-Michel Bruel;RELAX: a language to address uncertainty in self-adaptive systems requirement;relax: a language to address uncertainty in self-adaptive systems requirement;RE;2010;http://dx.doi.org/10.1007/s00766-010-0101-0;yes;TRUE;TRUE;TRUE;TRUE;FALSE;FALSE;FALSE;FALSE;FALSE;FALSE;FALSE;TRUE;yes;yes;no;;NO;NO
39;Lotfi A. Zadeh;Fuzzy logic;fuzzy logic;Computer;1988;http://dx.doi.org/10.1109/2.53;yes;TRUE;TRUE;TRUE;TRUE;FALSE;FALSE;FALSE;TRUE;FALSE;FALSE;FALSE;FALSE;;;;;;
40;Lotfi A Zadeh;Fuzzy sets;fuzzy sets;World Sc.;1996;http://dx.doi.org/10.1142/9789814261302_0001;yes;TRUE;TRUE;TRUE;TRUE;FALSE;FALSE;FALSE;FALSE;TRUE;FALSE;FALSE;FALSE;;;;;;
41;Man Zhang, Shaukat Ali, Tao Yue, Roland Norgren, and Oscar Okariz;Uncertainty-wise cyber-physical system test modeling;uncertainty-wise cyber-physical system test modeling;SoSyM;2017;http://dx.doi.org/10.1007/s10270-017-0609-6;yes;TRUE;TRUE;TRUE;TRUE;FALSE;FALSE;FALSE;FALSE;FALSE;FALSE;FALSE;TRUE;yes;yes;no;;NO;NO
42;America, P.;Inheritance and subtyping in a parallel object-oriented language;inheritance and subtyping in a parallel object-oriented language;ECOOP;1987;https://doi.org/10.1007/3-540-47891-4_22;no;TRUE;TRUE;TRUE;FALSE;FALSE;FALSE;FALSE;FALSE;FALSE;FALSE;FALSE;FALSE;;;;;;
43;Bertoa, M.F., Moreno, N., Barquero, G., Burguenño, L., Troya, J., Vallecillo, A.;Uncertain OCL Datatypes;uncertain ocl datatypes;Online;2018;http://atenea.lcc.uma.es/projects/UncertainOCLTypes.html;no;TRUE;TRUE;TRUE;TRUE;FALSE;FALSE;FALSE;FALSE;TRUE;FALSE;FALSE;FALSE;;;;;;
44;Broy, M.;Challenges in modeling Cyber-Physical Systems;challenges in modeling cyber-physical systems;ISPN;2013;https://doi.org/10.1145/2461381.2461385;no;TRUE;TRUE;TRUE;TRUE;FALSE;TRUE;FALSE;FALSE;FALSE;FALSE;FALSE;FALSE;;;;;;
45;Büttner, F., Gogolla, M.;On OCL-based imperative languages;on ocl-based imperative languages;Sci. Comput. Program.;2014;https://doi.org/10.1016/j.scico.2013.10.003;no;TRUE;TRUE;TRUE;FALSE;FALSE;FALSE;FALSE;FALSE;FALSE;FALSE;FALSE;FALSE;;;;;;
46;Eramo, R., Pierantonio, A., Rosa, G.;Managing uncertainty in bidirectional model transformations;managing uncertainty in bidirectional model transformations;SLE;2015;https://doi.org/10.1145/2814251.2814259;no;TRUE;TRUE;TRUE;TRUE;FALSE;FALSE;FALSE;FALSE;FALSE;FALSE;FALSE;TRUE;yes;yes;no;;NO;NO
47;Esfahani, N., Malek, S.;Uncertainty in self-adaptive software systems;uncertainty in self-adaptive software systems;SE for SAS;2013;https://doi.org/10.1007/978-3-642-35813-5_9;no;TRUE;TRUE;TRUE;TRUE;FALSE;FALSE;FALSE;FALSE;FALSE;FALSE;FALSE;TRUE;yes;no;no;;NO;NO
48;Famelis, M., Salay, R., Chechik, M.;Partial models: Towards modeling and reasoning with uncertainty;partial models: towards modeling and reasoning with uncertainty;ICSE;2012;;no;TRUE;;;;FALSE;;;;;;TRUE;FALSE;;;;;;
49;Garlan,D.;Software Engineering in an Uncertain World;software engineering in an uncertain world;FoSER;2010;http://acme.able.cs.cmu.edu/pubs/uploads/pdf/foser057-garlan.pdf;no;TRUE;TRUE;TRUE;TRUE;FALSE;TRUE;FALSE;FALSE;FALSE;FALSE;FALSE;FALSE;;;;;;
50;Gogolla, M., Bu ̈ttner, F., Richters, M.;USE: A UML-based specification environment for validating UML and OCL;use: a uml-based specification environment for validating uml and ocl;Sci. Comput. Program.;2007;https://doi.org/10.1016/j.scico.2007.01.013;no;TRUE;TRUE;TRUE;FALSE;FALSE;FALSE;FALSE;FALSE;FALSE;FALSE;FALSE;FALSE;;;;;;
51;Gogolla, M., Hilken, F.;Model Validation and Verification Options in a Contemporary UML and OCL Analysis Tool;model validation and verification options in a contemporary uml and ocl analysis tool;MODELLIERUNG;2016;https://dl.gi.de/handle/20.500.12116/825;no;TRUE;TRUE;TRUE;FALSE;FALSE;FALSE;FALSE;FALSE;FALSE;FALSE;FALSE;FALSE;;;;;;
52;Hall, B.D.;Component interfaces that support measurement uncertainty;component interfaces that support measurement uncertainty;Compt. Std & Int.;2006;https://doi.org/10.1016/j.csi.2005.07.009;no;TRUE;TRUE;TRUE;TRUE;FALSE;FALSE;FALSE;FALSE;FALSE;FALSE;FALSE;TRUE;yes;yes;yes;;NO;NO
53;JCGM 100:2008;Evaluation of measurement data - Guide to the expression of uncertainty in measurement;evaluation of measurement data - guide to the expression of uncertainty in measurement;;;;no;TRUE;;;;FALSE;;;;;;TRUE;FALSE;;;;;;
54;JCGM 101:2008;Evaluation of measurement data – Supplement 1 to the “Guide to the expression of uncertainty in measurement” – Propagation of distributions using a Monte Carlo method;evaluation of measurement data – supplement 1 to the “guide to the expression of uncertainty in measurement” – propagation of distributions using a monte carlo method;BIPM;2008;http://www.bipm.org/utils/common/documents/jcgm/JCGM_101_2008_E.pdf;no;TRUE;TRUE;TRUE;TRUE;FALSE;FALSE;FALSE;FALSE;TRUE;FALSE;FALSE;FALSE;;;;;;
55;Jiménez-Ramírez, A., Weber, B., Barba, I., del Valle, C.;Generating optimized configurable business process models in scenarios subject to uncertainty;generating optimized configurable business process models in scenarios subject to uncertainty;Info. & Soft. Tech;2015;https://doi.org/10.1016/j.infsof.2014.06.006;no;TRUE;TRUE;TRUE;TRUE;FALSE;FALSE;FALSE;FALSE;FALSE;FALSE;FALSE;TRUE;yes;(yes);no;;NO;NO
56;Kosko, B.;Fuzziness vs. Probability;fuzziness vs. probability;JGS;1990;https://doi.org/10.1080/03081079008935108;no;TRUE;TRUE;TRUE;FALSE;FALSE;FALSE;FALSE;FALSE;FALSE;FALSE;FALSE;FALSE;;;;;;
57;Lee, E.A.;Cyber Physical Systems: Design Challenges;cyber physical systems: design challenges;ISORC;2008;https://doi.org/10.1109/ISORC.2008.25;no;TRUE;TRUE;TRUE;FALSE;FALSE;FALSE;FALSE;FALSE;FALSE;FALSE;FALSE;FALSE;;;;;;
58;Liskov, B.H., Wing, J.M.;A behavioral notion of subtyping;a behavioral notion of subtyping;TPLS;1994;https://doi.org/10.1145/197320.197383;no;TRUE;TRUE;TRUE;FALSE;FALSE;FALSE;FALSE;FALSE;FALSE;FALSE;FALSE;FALSE;;;;;;
59;Littlewood, B., Neil, M., Ostrolenk, G.;The role of models in managing the uncertainty of software-intensive systems;the role of models in managing the uncertainty of software-intensive systems;RESS;1995;https://doi.org/10.1016/0951-8320(95)00073-B;no;TRUE;TRUE;TRUE;FALSE;FALSE;TRUE;TRUE;FALSE;FALSE;FALSE;FALSE;FALSE;;;;;;
60;Mayerhofer, T., Wimmer, M., Burgueño, L., Vallecillo, A.;Specifying quantities in software models;specifying quantities in software models;Tech. Report;2018;http://atenea.lcc.uma.es/index.php/Main_Page/Resources/DataUncertainty;no;TRUE;;FALSE;;FALSE;;;;TRUE;;FALSE;FALSE;;;;;;
61;Object Management Group;Object Constraint Language (OCL) Specification;object constraint language (ocl) specification;OMG;2010;https://www.omg.org/spec/OCL;no;TRUE;TRUE;TRUE;FALSE;FALSE;FALSE;FALSE;FALSE;TRUE;FALSE;FALSE;FALSE;;;;;;
62;Object Management Group;UML Profile for MARTE: Modeling and Analysis of Real-Time Embedded Systems;uml profile for marte: modeling and analysis of real-time embedded systems;OMG;2011;https://www.omg.org/omgmarte/;no;TRUE;TRUE;TRUE;FALSE;FALSE;FALSE;FALSE;FALSE;TRUE;FALSE;FALSE;FALSE;;;;;;
63;Object Management Group;Unified Modeling Language (UML) Specification;unified modeling language (uml) specification;OMG;2015;https://www.omg.org/spec/UML;no;TRUE;TRUE;TRUE;FALSE;FALSE;FALSE;FALSE;FALSE;TRUE;FALSE;FALSE;FALSE;;;;;;
64;Object Management Group;OMG Systems Modeling Language (SysML);omg systems modeling language (sysml);OMG;2016;https://www.omg.org/spec/SysML;no;TRUE;TRUE;TRUE;FALSE;FALSE;FALSE;FALSE;FALSE;TRUE;FALSE;FALSE;FALSE;;;;;;
65;Object Management Group;Structured Metrics Metamodel (SMM) Specification;structured metrics metamodel (smm) specification;OMG;2016;https://www.omg.org/spec/SMM;no;TRUE;TRUE;TRUE;FALSE;FALSE;FALSE;FALSE;FALSE;TRUE;FALSE;FALSE;FALSE;;;;;;
66;Salay, R., Chechik, M., Horkoff, J., Sandro, A.;Managing requirements uncertainty with partial models;managing requirements uncertainty with partial models;RE;2013;https://doi.org/10.1007/s00766-013-0170-y;no;TRUE;TRUE;TRUE;TRUE;FALSE;FALSE;FALSE;FALSE;FALSE;FALSE;FALSE;TRUE;yes;no;no;;NO;NO
67;Selic, B.;Beyond Mere Logic – A Vision of Modeling Languages for the 21st Century;beyond mere logic – a vision of modeling languages for the 21st century;MODELSWARD;2015;https://ieeexplore.ieee.org/stamp/stamp.jsp?tp=&arnumber=7483719;no;TRUE;TRUE;TRUE;FALSE;FALSE;TRUE;TRUE;FALSE;FALSE;FALSE;FALSE;FALSE;;;;;;
68;Vallecillo, A., Morcillo, C., Orue, P.;Expressing measurement uncertainty in software models;expressing measurement uncertainty in software models;;;;no;TRUE;;;;FALSE;;;;;;TRUE;FALSE;;;;;;
69;Wikipedia;List of uncertainty propagation software;list of uncertainty propagation software;Wikipedia;2018;https://en.wikipedia.org/wiki/List_of_uncertainty_propagation_software;no;TRUE;TRUE;TRUE;TRUE;FALSE;FALSE;FALSE;FALSE;TRUE;FALSE;FALSE;FALSE;;;;;;
70;Wolf, M.;A Modeling Language for Measurement Uncertainty Evaluation;a modeling language for measurement uncertainty evaluation;ETH Zurich;2009;https://www.research-collection.ethz.ch/bitstream/handle/20.500.11850/151598/eth-595-02.pdf?sequence=2;no;TRUE;TRUE;TRUE;TRUE;FALSE;FALSE;TRUE;FALSE;FALSE;FALSE;FALSE;FALSE;;;;;;
71;Zhang, M., Ali, S., Yue, T., Norgren, R., Okariz, O.;Uncertainty-wise cyber-physical system test modeling;uncertainty-wise cyber-physical system test modeling;SoSyM;2017;;no;TRUE;;;;FALSE;;;;;;TRUE;FALSE;;;;;;
72;Zhang, M., Selic, B., Ali, S., Yue, T., Okariz, O., Norgren, R.;Understanding uncertainty in cyber-physical systems: A conceptual model;understanding uncertainty in cyber-physical systems: a conceptual model;ECMFA;2016;https://doi.org/10.1007/978-3-319-42061-5_16;no;TRUE;TRUE;TRUE;TRUE;FALSE;FALSE;FALSE;FALSE;FALSE;FALSE;FALSE;TRUE;yes;yes;no;;NO;NO
73;JCGM 200:2008;International Vocabulary of Metrology – Basic and general concepts and associated terms (VIM);international vocabulary of metrology – basic and general concepts and associated terms (vim);BIPM;2008;http://www.bipm.org/utils/common/documents/jcgm/JCGM_200_2012.pdf;no;TRUE;TRUE;TRUE;TRUE;FALSE;FALSE;FALSE;FALSE;TRUE;FALSE;FALSE;FALSE;;;;;;
74;D. Barbara, H. Garcia-Molina, and D. Porter;The management of probabilistic data;the management of probabilistic data;TKDE;1992;https://doi.org/10.1109/69.166990;no;TRUE;TRUE;TRUE;TRUE;FALSE;FALSE;FALSE;FALSE;FALSE;FALSE;FALSE;TRUE;yes;yes;no;;NO;NO
75;O. Benjelloun, A. D. Sarma, A. Halevy, and J. Widom;ULDBs: Databases with uncertainty and lineage;uldbs: databases with uncertainty and lineage;VLDB;2006;https://dl.acm.org/citation.cfm?id=1164209;no;TRUE;TRUE;TRUE;TRUE;FALSE;FALSE;FALSE;FALSE;FALSE;FALSE;FALSE;TRUE;yes;yes;no;;NO;NO
76;E. R. Berlekamp, J. H. Conway, and R. K. Guy;Winning Ways for Your Mathematical Plays;winning ways for your mathematical plays;Taylor & Francis;2004;https://doi.org/10.1201/9780429487309;no;TRUE;TRUE;TRUE;FALSE;FALSE;FALSE;FALSE;FALSE;TRUE;FALSE;FALSE;FALSE;;;;;;
77;S. Bhat, A. Agarwal, R. Vuduc, and A. Gray;A type theory for probability density functions;a type theory for probability density functions;POPL;2012;https://doi.org/10.1145/2103656.2103721;no;TRUE;TRUE;TRUE;TRUE;FALSE;FALSE;FALSE;FALSE;FALSE;FALSE;FALSE;TRUE;yes;yes;yes;;NO;NO
78;C. M. Bishop;Pattern Recognition and Machine Learning;pattern recognition and machine learning;Springer;2006;http://cds.cern.ch/record/998831/files/9780387310732_TOC.pdf;no;TRUE;TRUE;TRUE;TRUE;FALSE;FALSE;FALSE;FALSE;TRUE;FALSE;FALSE;FALSE;;;;;;
79;J. Borgstro ̈m, A. D. Gordon, M. Greenberg, J. Margetson, and J. Van Gael;Measure transformer semantics for Bayesian machine learning;measure transformer semantics for bayesian machine learning;ESOP;2011;;no;TRUE;;;;FALSE;;;;;;TRUE;FALSE;;;;;;
80;J. Bornholt;Abstractions and techniques for programming with uncertain data;abstractions and techniques for programming with uncertain data;;;;no;TRUE;;;;FALSE;;;;;;TRUE;FALSE;;;;;;
81;G. E. P. Box and M. E. Muller;A note on the generation of random normal deviates;a note on the generation of random normal deviates;Annals of Maths. Stats.;1958;https://projecteuclid.org/euclid.aoms/1177706645;no;TRUE;TRUE;TRUE;TRUE;FALSE;TRUE;FALSE;FALSE;TRUE;FALSE;FALSE;FALSE;;;;;;
82;M. Carbin, S. Misailovic, and M. C. Rinard;Verifying quantitative reliability of programs that execute on unreliable hardware;verifying quantitative reliability of programs that execute on unreliable hardware;OOPSLA;2013;https://doi.org/10.1145/2509136.2509546;no;TRUE;TRUE;TRUE;TRUE;FALSE;FALSE;FALSE;FALSE;FALSE;FALSE;FALSE;TRUE;(yes);(yes);no;;NO;NO
83;A. T. Chaganty, A. V. Nori, and S. K. Rajamani;Efficiently sampling probabilistic programs via program analysis;efficiently sampling probabilistic programs via program analysis;AISTATS;2013;http://proceedings.mlr.press/v31/chaganty13a.pdf;no;TRUE;TRUE;TRUE;TRUE;FALSE;FALSE;FALSE;FALSE;FALSE;FALSE;FALSE;TRUE;yes;yes;(yes);;NO;NO
84;N. Dalvi and D. Suciu;Management of probabilistic data: Foundations and challenges;management of probabilistic data: foundations and challenges;PODS;2007;https://doi.org/10.1145/1265530.1265531;no;TRUE;TRUE;TRUE;TRUE;FALSE;FALSE;FALSE;TRUE;FALSE;FALSE;FALSE;FALSE;;;;;;
85;H. Esmaeilzadeh, A. Sampson, L. Ceze, and D. Burger;Neural acceleration for general-purpose approximate programs;neural acceleration for general-purpose approximate programs;MICRO;2012;https://doi.org/10.1109/MICRO.2012.48;no;TRUE;TRUE;TRUE;FALSE;FALSE;FALSE;FALSE;FALSE;FALSE;FALSE;FALSE;FALSE;;;;;;
86;W. R. Gilks, A. Thomas, and D. J. Spiegelhalter;A language and program for complex Bayesian modelling;a language and program for complex bayesian modelling;JRSS;1994;https://doi.org/10.2307/2348941;no;TRUE;TRUE;TRUE;FALSE;FALSE;FALSE;FALSE;FALSE;FALSE;FALSE;FALSE;FALSE;;;;;;
87;M. Giry;A categorical approach to probability theory;a categorical approach to probability theory;Lect. Notes. In Maths;1982;https://doi.org/10.1007/BFb0092872;no;TRUE;TRUE;TRUE;FALSE;FALSE;FALSE;FALSE;FALSE;FALSE;FALSE;FALSE;FALSE;;;;;;
88;N. D. Goodman, V. K. Mansinghka, D. M. Roy, K. Bonawitz, and J. B. Tenenbaum;Church: A language for generative models;church: a language for generative models;UAI;2008;https://arxiv.org/abs/1206.3255;no;TRUE;TRUE;TRUE;TRUE;FALSE;FALSE;FALSE;FALSE;TRUE;FALSE;FALSE;FALSE;;;;;;
89;S. Jaroszewicz and M. Korze´n;Arithmetic operations on independent random variables: A numerical approach;arithmetic operations on independent random variables: a numerical approach;SIAM;2012;https://doi.org/10.1137/110839680;no;TRUE;TRUE;TRUE;TRUE;FALSE;FALSE;FALSE;FALSE;FALSE;FALSE;FALSE;TRUE;no;no;(yes);;NO;NO
90;C. Jennison and B. W. Turnbull;Group sequential methods with applications to clinical trials;group sequential methods with applications to clinical trials;Chapman & Hall;2000;https://doi.org/10.1201/9780367805326;no;TRUE;TRUE;TRUE;TRUE;FALSE;FALSE;FALSE;FALSE;TRUE;FALSE;FALSE;FALSE;;;;;;
91;A. Kumar, F. Niu, and C. Re ́. Hazy;Making it Easier to Build and Maintain Big-data Analytics;making it easier to build and maintain big-data analytics;Queue;2013;https://doi.org/10.1145/2428556.2428570;no;TRUE;TRUE;TRUE;FALSE;FALSE;FALSE;FALSE;FALSE;FALSE;FALSE;FALSE;FALSE;;;;;;
92;R. E. Moore;Interval analysis;interval analysis;Prentice-Hall;1966;https://pdfs.semanticscholar.org/4016/99bcab0b683f4ec32cb00542909520aa79bf.pdf;no;TRUE;TRUE;TRUE;TRUE;FALSE;FALSE;FALSE;FALSE;TRUE;FALSE;FALSE;FALSE;;;;;;
93;R. M. Neal;Bayesian learning for neural networks;bayesian learning for neural networks;Univ. Toronto;1994;http://www.db.toronto.edu/~radford/ftp/thesis.pdf;no;TRUE;TRUE;TRUE;TRUE;FALSE;FALSE;FALSE;FALSE;TRUE;FALSE;FALSE;FALSE;;;;;;
94;P. Newson and J. Krumm;Hidden Markov map matching through noise and sparseness;hidden markov map matching through noise and sparseness;GIS;2009;https://doi.org/10.1145/1653771.1653818;no;TRUE;TRUE;TRUE;FALSE;FALSE;FALSE;FALSE;FALSE;FALSE;FALSE;FALSE;FALSE;;;;;;
95;A. Papoulis and S. U. Pillai;Probability, random variables, and stochastic processes;probability, random variables, and stochastic processes;;2000;;no;TRUE;TRUE;TRUE;TRUE;FALSE;FALSE;FALSE;FALSE;TRUE;FALSE;FALSE;FALSE;;;;;;
96;S. Park, F. Pfenning, and S. Thrun;A probabilistic language based on sampling functions;a probabilistic language based on sampling functions;POPL;2005;https://doi.org/10.1145/1452044.1452048;no;TRUE;TRUE;TRUE;TRUE;FALSE;FALSE;FALSE;FALSE;FALSE;FALSE;FALSE;TRUE;(yes);(yes);(yes);;NO;NO
97;A. Pfeffer;IBAL: a probabilistic rational programming language;ibal: a probabilistic rational programming language;IJCAI;2001;http://citeseerx.ist.psu.edu/viewdoc/download?doi=10.1.1.29.1299&rep=rep1&type=pdf;no;TRUE;TRUE;TRUE;TRUE;FALSE;FALSE;FALSE;FALSE;FALSE;FALSE;FALSE;TRUE;(yes);(yes);(yes);;NO;NO
98;N. Ramsey and A. Pfeffer;Stochastic lambda calculus and monads of probability distributions;stochastic lambda calculus and monads of probability distributions;POPL;2002;https://doi.org/10.1145/503272.503288;no;TRUE;TRUE;TRUE;TRUE;FALSE;FALSE;FALSE;FALSE;FALSE;FALSE;FALSE;TRUE;yes;yes;(yes);;NO;NO
99;A. Sampson, W. Dietl, E. Fortuna, D. Gnanapragasam, L. Ceze, and D. Grossman;EnerJ: Approximate data types for safe and general low-power computation;enerj: approximate data types for safe and general low-power computation;PLDI;2011;https://doi.org/10.1145/1993498.1993518;no;TRUE;TRUE;TRUE;FALSE;FALSE;FALSE;FALSE;FALSE;FALSE;FALSE;FALSE;FALSE;;;;;;
100;S. Sankaranarayanan, A. Chakarov, and S. Gulwani;Static analysis for probabilistic programs: inferring whole program properties from finitely many paths;static analysis for probabilistic programs: inferring whole program properties from finitely many paths;PLDI;2013;https://doi.org/10.1145/2491956.2462179;no;TRUE;TRUE;TRUE;TRUE;FALSE;FALSE;FALSE;FALSE;FALSE;FALSE;FALSE;TRUE;yes;yes;yes;;NO;NO
101;J. Schwarz, J. Mankoff, and S. E. Hudson;Monte Carlo methods for managing interactive state, action and feedback under uncertainty;monte carlo methods for managing interactive state, action and feedback under uncertainty;UIST;2011;https://doi.org/10.1145/2047196.2047227;no;TRUE;TRUE;TRUE;TRUE;FALSE;FALSE;FALSE;FALSE;FALSE;FALSE;FALSE;TRUE;yes;yes;(yes);;NO;NO
102;R. Thompson;Global positioning system: the mathematics of GPS receivers;global positioning system: the mathematics of gps receivers;Maths. Mag.;1998;https://www.tandfonline.com/doi/pdf/10.1080/0025570X.1998.11996650;no;TRUE;TRUE;TRUE;FALSE;FALSE;FALSE;FALSE;FALSE;TRUE;FALSE;FALSE;FALSE;;;;;;
103;S. Thrun;Towards programming tools for robots that integrate probabilistic computation and learning;towards programming tools for robots that integrate probabilistic computation and learning;ICRA;2000;https://doi.org/10.1109/ROBOT.2000.844075;no;TRUE;TRUE;TRUE;TRUE;FALSE;FALSE;FALSE;FALSE;FALSE;FALSE;FALSE;TRUE;yes;yes;(yes);;NO;NO
104;F. Topsøe;On the Glivenko-Cantelli theorem;on the glivenko-cantelli theorem;;1970;https://doi.org/10.1007/BF01111419;no;TRUE;TRUE;TRUE;FALSE;FALSE;FALSE;FALSE;FALSE;FALSE;FALSE;FALSE;FALSE;;;;;;
105;A. Wald;Sequential Tests of Statistical Hypotheses;sequential tests of statistical hypotheses;JSTOR;1945;;no;TRUE;TRUE;TRUE;FALSE;FALSE;FALSE;FALSE;FALSE;TRUE;FALSE;FALSE;FALSE;;;;;;
106;Betancourt M;Identifying the Optimal Integration Time in Hamiltonian Monte Carlo;identifying the optimal integration time in hamiltonian monte carlo;;2016;https://arxiv.org/abs/1601.00225;no;TRUE;TRUE;TRUE;TRUE;FALSE;FALSE;FALSE;FALSE;TRUE;FALSE;FALSE;FALSE;;;;;;
107;Carpenter B, Hoffman MD, Brubaker M, Lee D, Li P, Betancourt M;The Stan Math Library: Reverse-Mode Automatic Differentiation in C++;the stan math library: reverse-mode automatic differentiation in c++;;2015;https://arxiv.org/abs/1509.07164;no;TRUE;TRUE;TRUE;FALSE;FALSE;FALSE;FALSE;FALSE;TRUE;FALSE;FALSE;FALSE;;;;;;
108;Chacon S;Pro Git;pro git;;2009;http://dx.doi.org/10.1007/978-1-4302-1834-0;no;TRUE;TRUE;TRUE;FALSE;FALSE;FALSE;FALSE;FALSE;TRUE;FALSE;FALSE;FALSE;;;;;;
109;Cohen SD, Hindmarsh AC;CVODE, A Stiff/Nonstiff ODE Solver in C;cvode, a stiff/nonstiff ode solver in c;Comp. in Physics.;1996;https://aip.scitation.org/doi/pdf/10.1063/1.4822377;no;TRUE;TRUE;TRUE;FALSE;FALSE;FALSE;FALSE;FALSE;FALSE;FALSE;FALSE;FALSE;;;;;;
110;Driessen V;A Successful Git Branching Model;a successful git branching model;;2010;http://nvie.com/posts/a-successful-git-branching-model/;no;TRUE;TRUE;TRUE;FALSE;FALSE;FALSE;FALSE;FALSE;TRUE;FALSE;FALSE;FALSE;;;;;;
111;Duane AD, Kennedy A, Pendleton B, Roweth D;Hybrid Monte Carlo;hybrid monte carlo;Physics Letters;1987;http://dx.doi.org/10.1016/0370-2693(87)91197-x;no;TRUE;TRUE;TRUE;FALSE;FALSE;FALSE;FALSE;FALSE;FALSE;FALSE;FALSE;FALSE;;;;;;
112;Efron B;Large-Scale Inference: Empirical Bayes Methods for Estimation, Testing, and Prediction;large-scale inference: empirical bayes methods for estimation, testing, and prediction;;2010;;no;TRUE;TRUE;TRUE;FALSE;FALSE;FALSE;FALSE;FALSE;TRUE;FALSE;FALSE;FALSE;;;;;;
113;Gelman A, Carlin JB, Stern HS, Dunson DB, Vehtari A, Rubin DB;Bayesian Data Analysis;bayesian data analysis;Chapman & Hall/CRC;2013;https://doi.org/10.1201/b16018;no;TRUE;TRUE;TRUE;FALSE;FALSE;FALSE;FALSE;FALSE;TRUE;FALSE;FALSE;FALSE;;;;;;
114;Gelman A, Hill J, Yajima M;Why We (Usually) Don’t Have to Worry about Multiple Comparisons;why we (usually) don’t have to worry about multiple comparisons;JREE;2012;http://dx.doi.org/10.1080/19345747.2011.618213;no;TRUE;TRUE;TRUE;FALSE;FALSE;FALSE;FALSE;FALSE;FALSE;FALSE;FALSE;FALSE;;;;;;
115;Gelman A, Rubin DB;Inference from Iterative Simulation Using Multiple Sequences;inference from iterative simulation using multiple sequences;Stats. Scie.;1992;http://dx.doi.org/10.1214/ss/1177011136;no;TRUE;TRUE;TRUE;FALSE;FALSE;FALSE;FALSE;FALSE;FALSE;FALSE;FALSE;FALSE;;;;;;
116;Geyer CJ;Introduction to Markov Chain Monte Carlo;introduction to markov chain monte carlo;Hand. Of Mak. Chain MC;2011;https://www.taylorfrancis.com/books/e/9780429138508/chapters/10.1201/b10905-6;no;TRUE;TRUE;TRUE;FALSE;FALSE;FALSE;FALSE;FALSE;FALSE;FALSE;FALSE;FALSE;;;;;;
117;Google;googletest: Google C++ Testing Framework;googletest: google c++ testing framework;;2016;http://code.google.com/p/googletest/;no;TRUE;TRUE;TRUE;FALSE;FALSE;FALSE;FALSE;FALSE;TRUE;FALSE;FALSE;FALSE;;;;;;
118;Guennebaud G, Jacob B, et al.;Eigen, Version 3;eigen, version 3;;2010;http://eigen.tuxfamily.org;no;TRUE;TRUE;TRUE;FALSE;FALSE;FALSE;FALSE;FALSE;TRUE;FALSE;FALSE;FALSE;;;;;;
119;Hindmarsh AC, Brown PN, Grant KE, Lee SL, Serban R, Shumaker DE, Woodward CS;SUNDIALS: Suite of Nonlinear and Differential/Algebraic Equation Solvers;sundials: suite of nonlinear and differential/algebraic equation solvers;TOMS;2005;http://dx.doi.org/10.1145/1089014.1089020;no;TRUE;TRUE;TRUE;FALSE;FALSE;FALSE;FALSE;FALSE;FALSE;FALSE;FALSE;FALSE;;;;;;
120;Hoffman MD, Gelman A;The No-U-Turn Sampler: Adaptively Setting Path Lengths in Hamiltonian Monte Carlo;the no-u-turn sampler: adaptively setting path lengths in hamiltonian monte carlo;JMLR;2014;http://www.jmlr.org/papers/volume15/hoffman14a/hoffman14a.pdf;no;TRUE;TRUE;TRUE;FALSE;FALSE;FALSE;FALSE;FALSE;FALSE;FALSE;FALSE;FALSE;;;;;;
121;Lunn D, Jackson C, Best N, Thomas A, Spiegelhalter DJ;The BUGS Book – A Practical Introduction to Bayesian Analysis;the bugs book – a practical introduction to bayesian analysis;Chapman & Hall/CRC;2012;https://doi.org/10.1201/b13613;no;TRUE;TRUE;TRUE;FALSE;FALSE;FALSE;FALSE;FALSE;TRUE;FALSE;FALSE;FALSE;;;;;;
122;Lunn D, Spiegelhalter DJ, Thomas A, Best N;The BUGS Project: Evolution, Critique, and Future Directions;the bugs project: evolution, critique, and future directions;Stats. In Med.;2009;https://doi.org/10.1002/sim.3680;no;TRUE;TRUE;TRUE;FALSE;FALSE;FALSE;TRUE;FALSE;FALSE;FALSE;FALSE;FALSE;;;;;;
123;Lunn D, Thomas A, Best NG, Spiegelhalter DJ;WinBUGS – A Bayesian Modelling Framework: Concepts, Structure, and Extensibility;winbugs – a bayesian modelling framework: concepts, structure, and extensibility;Stats. In Comp.;2000;http://dx.doi.org/10.1023/a:1008929526011;no;TRUE;TRUE;TRUE;TRUE;FALSE;FALSE;FALSE;FALSE;FALSE;FALSE;FALSE;TRUE;no;(yes);(yes);;NO;NO
124;Metropolis N, Rosenbluth AW, Rosenbluth MN, Teller AH, Teller E;Equation of State Calculations by Fast Computing Machines;equation of state calculations by fast computing machines;JCP;1953;http://dx.doi.org/10.1063/1.1699114;no;TRUE;TRUE;TRUE;FALSE;FALSE;FALSE;FALSE;FALSE;FALSE;FALSE;FALSE;FALSE;;;;;;
125;Mittelbach F, Goossens M, Braams J, Carlisle D, Rowley C;The LATEX Companion. Tools and Techniques for Computer Typesetting;the latex companion. tools and techniques for computer typesetting;Addison-Wesley;2004;;no;TRUE;TRUE;TRUE;FALSE;FALSE;FALSE;FALSE;FALSE;TRUE;FALSE;FALSE;FALSE;;;;;;
126;Neal R;MCMC Using Hamiltonian Dynamics.;mcmc using hamiltonian dynamics.;Hand. Of Mak. Chain MC;2011;https://arxiv.org/pdf/1206.1901.pdf):;no;TRUE;TRUE;TRUE;FALSE;FALSE;FALSE;FALSE;FALSE;FALSE;FALSE;FALSE;FALSE;;;;;;
127;Neal RM;An Improved Acceptance Procedure for the Hybrid Monte Carlo Algo- rithm;an improved acceptance procedure for the hybrid monte carlo algo- rithm;JCP;1994;http://dx.doi.org/10.1006/jcph.1994.1054;no;TRUE;TRUE;TRUE;FALSE;FALSE;FALSE;FALSE;FALSE;FALSE;FALSE;FALSE;FALSE;;;;;;
128;Neal RM;Slice Sampling;slice sampling;Annals of Stats;2003;http://dx.doi.org/10.1214/aos/1056562461;no;TRUE;TRUE;TRUE;FALSE;FALSE;FALSE;FALSE;FALSE;FALSE;FALSE;FALSE;FALSE;;;;;;
129;Nocedal J, Wright SJ;Numerical Optimization;numerical optimization;Springer-Verlag;2006;;no;TRUE;TRUE;TRUE;FALSE;FALSE;FALSE;FALSE;FALSE;TRUE;FALSE;FALSE;FALSE;;;;;;
130;Plummer M;JAGS: A Program for Analysis of Bayesian Graphical Models Using Gibbs Sampling;jags: a program for analysis of bayesian graphical models using gibbs sampling;DSC;2003;http://www.ci.tuwien.ac.at/Conferences/DSC-2003/;no;TRUE;TRUE;TRUE;TRUE;FALSE;FALSE;FALSE;FALSE;FALSE;FALSE;FALSE;TRUE;no;(yes);(yes);;NO;NO
131;Plummer M, Best N, Cowles K, Vines K;code: Convergence Diagnosis and Out- put Analysis for MCMC;code: convergence diagnosis and out- put analysis for mcmc;R News;2006;http://oro.open.ac.uk/22547/;no;TRUE;TRUE;TRUE;FALSE;FALSE;FALSE;FALSE;FALSE;TRUE;FALSE;FALSE;FALSE;;;;;;
132;R Core Team;R: A Language and Environment for Statistical Computing;r: a language and environment for statistical computing;R Foundation;2016;https://www.R-project.org/;no;TRUE;TRUE;TRUE;FALSE;FALSE;FALSE;FALSE;FALSE;TRUE;FALSE;FALSE;FALSE;;;;;;
133;Schäling B;The Boost C++ Libraries;the boost c++ libraries;XML Press;2011;http://www.boost.org/;no;TRUE;TRUE;TRUE;FALSE;FALSE;FALSE;FALSE;FALSE;TRUE;FALSE;FALSE;FALSE;;;;;;
134;Smart JF;Jenkins: The Definitive Guide;jenkins: the definitive guide;O'Relly;2011;https://www.oreilly.com/library/view/jenkins-the-definitive/9781449311155/;no;TRUE;TRUE;TRUE;FALSE;FALSE;FALSE;FALSE;FALSE;TRUE;FALSE;FALSE;FALSE;;;;;;
135;Stan Development Team;Stan Modeling Language User’s Guide and Reference Manual;stan modeling language user’s guide and reference manual;Stan;2016;http://mc-stan.org/;no;TRUE;TRUE;TRUE;TRUE;FALSE;FALSE;FALSE;FALSE;TRUE;FALSE;FALSE;FALSE;;;;;;
136;Van Heesch D;Doxygen: Generate Documentation from Source Code;doxygen: generate documentation from source code;;2016;http://www.stack.nl/~dimitri/doxygen/;no;TRUE;TRUE;TRUE;FALSE;FALSE;FALSE;FALSE;FALSE;TRUE;FALSE;FALSE;FALSE;;;;;;
137;Van Rossum G, et al;Python Programming Language;python programming language;;2016;http://www.python.org/;no;TRUE;TRUE;TRUE;FALSE;FALSE;FALSE;FALSE;FALSE;TRUE;FALSE;FALSE;FALSE;;;;;;
138;E. E. Allen, D. Chase, V. Luchangco, J. Maessen, and G. L. Steele Jr;Object-oriented units of measurement;object-oriented units of measurement;OOPSLA;2004;https://doi.org/10.1145/1028976.1029008;no;TRUE;TRUE;TRUE;FALSE;FALSE;FALSE;FALSE;FALSE;FALSE;FALSE;FALSE;FALSE;;;;;;
139;P. Aronsson and D. Broman;Extendable Physical Unit Checking with Understandable Error Reporting;extendable physical unit checking with understandable error reporting;MODELICA;2009;http://www.ep.liu.se/ecp/043/105/ecp09430027.pdf;no;TRUE;TRUE;TRUE;FALSE;FALSE;FALSE;FALSE;FALSE;FALSE;FALSE;FALSE;FALSE;;;;;;
140;F. Büttner and M. Gogolla;On OCL-based imperative languages;on ocl-based imperative languages;;;;no;TRUE;;;;FALSE;;;;;;TRUE;FALSE;;;;;;
141;J.-M. Dautelle, W. Keil, and L. Lima;Java JSR 363: Units of Measurement API;java jsr 363: units of measurement api;;2016;https://www.jcp.org/en/jsr/detail?id=363;no;TRUE;TRUE;TRUE;FALSE;FALSE;FALSE;FALSE;FALSE;TRUE;FALSE;FALSE;FALSE;;;;;;
142;K. L. Davies and C. J. Paredis;Natural Unit Representation in Modelica;natural unit representation in modelica;MODELICA;2012;http://www.ep.liu.se/ecp/article.asp?issue=076&article=082&volume=;no;TRUE;TRUE;TRUE;FALSE;FALSE;FALSE;FALSE;FALSE;FALSE;FALSE;FALSE;FALSE;;;;;;
143;H. Espinoza, D. Cancila, B. Selic, and S. Gérard;Challenges in Combining SysML and MARTE for Model-Based Design of Embedded Systems;challenges in combining sysml and marte for model-based design of embedded systems;ECMDA;2009;https://doi.org/10.1007/978-3-642-02674-4_8;no;TRUE;TRUE;TRUE;FALSE;FALSE;FALSE;FALSE;FALSE;FALSE;FALSE;FALSE;FALSE;;;;;;
144;M. Fowler;Quantity: Represent dimensioned values with both their amount and their unit;quantity: represent dimensioned values with both their amount and their unit;;;http://martinfowler.com/eaaDev/quantity.html;no;TRUE;TRUE;FALSE;;FALSE;;;;;;;FALSE;;;;;;
145;M. Fowler;Analysis Patters: Reusable Object Models;analysis patters: reusable object models;;1997;https://www.oreilly.com/library/view/analysis-patterns-reusable/9780134271453/;no;TRUE;TRUE;TRUE;FALSE;FALSE;FALSE;FALSE;FALSE;TRUE;FALSE;FALSE;FALSE;;;;;;
146;P. Fritzson and V. Engelson;Modelica – a unified object-oriented language for system modeling and simulation;modelica – a unified object-oriented language for system modeling and simulation;ECOOP;1998;https://doi.org/10.1007/BFb0054087;no;TRUE;TRUE;TRUE;FALSE;FALSE;FALSE;FALSE;FALSE;FALSE;FALSE;FALSE;FALSE;;;;;;
147;M. Gogolla, F. Büttner, and M. Richters;USE: A UML-based specification environment for validating UML and OCL;use: a uml-based specification environment for validating uml and ocl;;;;no;TRUE;;;;FALSE;;;;;;TRUE;FALSE;;;;;;
148;H. E. Grecco;Temperature Conversions;temperature conversions;;2016;http://pint.readthedocs.io/en/0.7.2/nonmult.html;no;TRUE;TRUE;TRUE;FALSE;FALSE;FALSE;FALSE;FALSE;TRUE;FALSE;FALSE;FALSE;;;;;;
149;R. Hodgson, P. J. Keller, J. Hodges, and J. Spivak;QUDT – Quantities, Units, Dimensions and Data Types Ontologies;qudt – quantities, units, dimensions and data types ontologies;;2014;http://qudt.org/;no;TRUE;TRUE;TRUE;FALSE;FALSE;FALSE;FALSE;FALSE;TRUE;FALSE;FALSE;FALSE;;;;;;
150;M. Hucka, A. Finney, H. M. Sauro, H. Bolouri, J. C. Doyle, H. Kitano, A. P. Arkin, B. J. Bornstein, D. Bray, A. Cornish- Bowden, et al;The systems biology markup language (SBML): a medium for representation and exchange of bio- chemical network models;the systems biology markup language (sbml): a medium for representation and exchange of bio- chemical network models;Bioinformatics;2003;https://doi.org/10.1093/bioinformatics/btg015;no;TRUE;TRUE;TRUE;FALSE;FALSE;FALSE;FALSE;FALSE;FALSE;FALSE;FALSE;FALSE;;;;;;
151;D. Isbell and D. Savage;Mars Climate Orbiter Fail- ure Board Releases Report, Numerous NASA Actions Un- derway in Response;mars climate orbiter fail- ure board releases report, numerous nasa actions un- derway in response;NASA Press;1999;http://nssdc.gsfc.nasa.gov/planetary/text/mco_pr_19991110.txt;no;TRUE;TRUE;TRUE;FALSE;FALSE;TRUE;FALSE;FALSE;TRUE;FALSE;FALSE;FALSE;;;;;;
152;JCGM 100:2008;Evaluation of measurement data - Guide to the expression of uncertainty in measurement;evaluation of measurement data - guide to the expression of uncertainty in measurement;BIPM;;;no;TRUE;;;;FALSE;;;;;;TRUE;FALSE;;;;;;
153;JCGM 101:2008;Evaluation of measurement data – Supplement 1 to the “Guide to the expression of uncertainty in measurement” – Propagation of distributions using a Monte Carlo method;evaluation of measurement data – supplement 1 to the “guide to the expression of uncertainty in measurement” – propagation of distributions using a monte carlo method;BIPM;;;no;TRUE;;;;FALSE;;;;;;TRUE;FALSE;;;;;;
154;JCGM 200:2012;International Vocabulary of Metrology – Basic and general concepts and associated terms (VIM);international vocabulary of metrology – basic and general concepts and associated terms (vim);BIPM;;;no;TRUE;;;;FALSE;;;;;;TRUE;FALSE;;;;;;
155;A. Jime ́nez-Ram ́ırez, B. Weber, I. Barba, and C. D. Valle;Generating optimized configurable business process models in scenarios subject to uncertainty;generating optimized configurable business process models in scenarios subject to uncertainty;Inf. & Soft. Tech.;;;no;TRUE;;;;FALSE;;;;;;TRUE;FALSE;;;;;;
156;M. Keller;Eiffel Units;eiffel units;;2002;http://se.inf.ethz.ch/old/projects/markus_keller/EiffelUnits.html;no;TRUE;TRUE;TRUE;FALSE;FALSE;FALSE;FALSE;FALSE;TRUE;FALSE;FALSE;FALSE;;;;;;
157;A. J. Kennedy;Relational parametricity and units of measure;relational parametricity and units of measure;POPL;1997;https://doi.org/10.1145/263699.263761;no;TRUE;TRUE;TRUE;FALSE;FALSE;FALSE;FALSE;FALSE;FALSE;FALSE;FALSE;FALSE;;;;;;
158;A. J. Kennedy;Types for units-of-measure: Theory and practice;types for units-of-measure: theory and practice;CEFP;2009;https://doi.org/10.1007/978-3-642-17685-2_8;no;TRUE;TRUE;TRUE;FALSE;FALSE;FALSE;FALSE;FALSE;FALSE;FALSE;FALSE;FALSE;;;;;;
159;E. O. Lebigot;Uncertainties package;uncertainties package;;2016;https://pythonhosted.org/uncertainties/;no;TRUE;TRUE;TRUE;TRUE;FALSE;FALSE;FALSE;FALSE;TRUE;FALSE;FALSE;FALSE;;;;;;
160;E. A. Lee;Cyber Physical Systems: Design Challenges;cyber physical systems: design challenges;ISORC;;;no;TRUE;;;;FALSE;;;;;;TRUE;FALSE;;;;;;
161;Mathworks;Thermal Unit Conversions;thermal unit conversions;;2016;http://www.mathworks.com/help/physmod/simscape/ug/thermal-unit-conversions.html;no;TRUE;TRUE;TRUE;FALSE;FALSE;FALSE;FALSE;FALSE;TRUE;FALSE;FALSE;FALSE;;;;;;
162;S. E. Mattsson and H. Elmqvist;Unit Checking and Quantity Conservation;unit checking and quantity conservation;MODELICA;2008;https://www.modelica.org/events/modelica2008/Proceedings/sessions/session1a2.pdf;no;TRUE;TRUE;TRUE;FALSE;FALSE;FALSE;FALSE;FALSE;FALSE;FALSE;FALSE;FALSE;;;;;;
163;T. Mayerhofer, P. Langer, M. Wimmer, and G. Kappel;xMOF: Executable DSMLs Based on fUML;xmof: executable dsmls based on fuml;SLE;2013;https://doi.org/10.1007/978-3-319-02654-1_4;no;TRUE;TRUE;TRUE;FALSE;FALSE;FALSE;FALSE;FALSE;FALSE;FALSE;FALSE;FALSE;;;;;;
164;T. Mayerhofer, M. Wimmer, and A. Vallecillo;Computing with Quantities: the Java Project;computing with quantities: the java project;;2016;https://github.com/moliz/moliz.quantitytypes;no;TRUE;FALSE;FALSE;FALSE;FALSE;TRUE;FALSE;FALSE;TRUE;FALSE;FALSE;FALSE;;;;;;
165;P. J. Mosterman and J. Zander;Industry 4.0 as a cyber-physical system study;industry 4.0 as a cyber-physical system study;SoSyM;2016;https://doi.org/10.1007/s10270-015-0493-x;no;TRUE;TRUE;TRUE;FALSE;FALSE;FALSE;FALSE;FALSE;FALSE;FALSE;FALSE;FALSE;;;;;;
166;Object Management Group;UML Profile for MARTE: Modeling and Analysis of Real-Time Embedded Systems;uml profile for marte: modeling and analysis of real-time embedded systems;;;;no;TRUE;;;;FALSE;;;;;;TRUE;FALSE;;;;;;
167;Object Management Group;Object Constraint Language (OCL) Specification;object constraint language (ocl) specification;;;;no;TRUE;;;;FALSE;;;;;;TRUE;FALSE;;;;;;
168;Object Management Group;Unified Modeling Language (UML) Specification;unified modeling language (uml) specification;;;;no;TRUE;;;;FALSE;;;;;;TRUE;FALSE;;;;;;
169;Object Management Group;OMG Systems Modeling Language (SysML);omg systems modeling language (sysml);;;;no;TRUE;;;;FALSE;;;;;;TRUE;FALSE;;;;;;
170;Object Management Group;Semantics Of A Foundational Subset For Executable UML Models (FUML);semantics of a foundational subset for executable uml models (fuml);OMG;2016;http://www.omg.org/spec/FUML/1.2.1/PDF/;no;TRUE;TRUE;TRUE;FALSE;FALSE;FALSE;FALSE;FALSE;TRUE;FALSE;FALSE;FALSE;;;;;;
171;K. C. Olbrich;Ruby Units;ruby units;;2016;https://github.com/olbrich/ruby-units;no;TRUE;FALSE;FALSE;FALSE;FALSE;TRUE;FALSE;FALSE;TRUE;FALSE;FALSE;FALSE;;;;;;
172;R. R. Rajkumar, I. Lee, L. Sha, and J. Stankovic;Cyber- Physical Systems: The Next Computing Revolution;cyber- physical systems: the next computing revolution;DAC;2010;https://doi.org/10.1145/1837274.1837461;no;TRUE;TRUE;TRUE;FALSE;FALSE;FALSE;FALSE;FALSE;FALSE;FALSE;FALSE;FALSE;;;;;;
173;C. Redeker;Determination of speed and acceleration of a toy car;determination of speed and acceleration of a toy car;;2007;http://www.lectures4you.de/pdf/chris_prot/speed-accleration.pdf;no;TRUE;TRUE;TRUE;FALSE;FALSE;FALSE;FALSE;FALSE;TRUE;FALSE;FALSE;FALSE;;;;;;
174;B. Selic;Beyond Mere Logic – A Vision of Modeling Languages for the 21st Century;beyond mere logic – a vision of modeling languages for the 21st century;;;;no;TRUE;;;;FALSE;;;;;;TRUE;FALSE;;;;;;
175;B. N. Taylor and A. Thompson;The International System of Units (SI);the international system of units (si);NIST;2008;http://www.nist.gov/pml/pubs/sp811/;no;TRUE;TRUE;TRUE;FALSE;FALSE;FALSE;FALSE;FALSE;TRUE;FALSE;FALSE;FALSE;;;;;;
176;A. Vallecillo, C. Morcillo, and P. Orue;Expressing measurement uncertainty in software models;expressing measurement uncertainty in software models;;;;no;TRUE;;;;FALSE;;;;;;TRUE;FALSE;;;;;;
177;M. Wolf;A Modeling Language for Measurement Uncertainty Evaluation;a modeling language for measurement uncertainty evaluation;;;;no;TRUE;;;;FALSE;;;;;;TRUE;FALSE;;;;;;
178;Wolfram Research Inc;Mathematica 10;mathematica 10;;2016;http://www.wolfram.com;no;TRUE;FALSE;FALSE;FALSE;FALSE;TRUE;FALSE;FALSE;TRUE;FALSE;FALSE;FALSE;;;;;;
179;E. A. Lee;Cyber Physical Systems: Design Challenges;cyber physical systems: design challenges;;;;no;TRUE;;;;FALSE;;;;;;TRUE;FALSE;;;;;;
180;M. Broy;Challenges in modeling Cyber-Physical Systems;challenges in modeling cyber-physical systems;;;;no;TRUE;;;;FALSE;;;;;;TRUE;FALSE;;;;;;
181;B. Selic;Beyond Mere Logic – A Vision of Modeling Languages for the 21st Century;beyond mere logic – a vision of modeling languages for the 21st century;;;;no;TRUE;;;;FALSE;;;;;;TRUE;FALSE;;;;;;
182;P. J. Mosterman and J. Zander;Cyber-physical systems challenges: a needs analysis for collaborating embedded software systems;cyber-physical systems challenges: a needs analysis for collaborating embedded software systems;SoSyM;2016;https://doi.org/10.1007/s10270-015-0469-x;no;TRUE;TRUE;TRUE;FALSE;FALSE;FALSE;FALSE;FALSE;FALSE;FALSE;FALSE;FALSE;;;;;;
183;JCGM 100:2008;Evaluation of measurement data - Guide to the expression of uncertainty in measurement;evaluation of measurement data - guide to the expression of uncertainty in measurement;BIPM;;;no;TRUE;;;;FALSE;;;;;;TRUE;FALSE;;;;;;
184;JCGM 101:2008;Evaluation of measurement data – Supplement 1 to the “Guide to the expression of uncertainty in measurement” – Propagation of distributions using a Monte Carlo method;evaluation of measurement data – supplement 1 to the “guide to the expression of uncertainty in measurement” – propagation of distributions using a monte carlo method;BIPM;;;no;TRUE;;;;FALSE;;;;;;TRUE;FALSE;;;;;;
185;JCGM 200:2012;International Vocabulary of Metrology – Basic and general concepts and associated terms (VIM);international vocabulary of metrology – basic and general concepts and associated terms (vim);BIPM;;;no;TRUE;;;;FALSE;;;;;;TRUE;FALSE;;;;;;
186;Object Management Group;UML Profile for MARTE: Modeling and Analysis of Real-Time Embedded Systems;uml profile for marte: modeling and analysis of real-time embedded systems;OMG;;;no;TRUE;;;;FALSE;;;;;;TRUE;FALSE;;;;;;
187;Object Management Group;OMG Systems Modeling Language (SysML);omg systems modeling language (sysml);OMG;;;no;TRUE;;;;FALSE;;;;;;TRUE;FALSE;;;;;;
188;A. Jiménez-Ramírez, B. Weber, I. Barba, and C. del Valle;Generating optimized configurable business process models in scenarios subject to uncertainty;generating optimized configurable business process models in scenarios subject to uncertainty;Inf. & Soft. Tech.;;;no;TRUE;;;;FALSE;;;;;;TRUE;FALSE;;;;;;
189;Wikipedia;List of uncertainty propagation software;list of uncertainty propagation software;;;;no;TRUE;;;;FALSE;;;;;;TRUE;FALSE;;;;;;
190;Object Management Group;Unified Modeling Language (UML) Specification;unified modeling language (uml) specification;;;;no;TRUE;;;;FALSE;;;;;;TRUE;FALSE;;;;;;
191;Object Management Group;Object Constraint Language (OCL) Specification;object constraint language (ocl) specification;;;;no;TRUE;;;;FALSE;;;;;;TRUE;FALSE;;;;;;
192;F. Jouault, F. Allilaire, J. B ́ezivin, and I. Kurtev;ATL: A model transformation tool;atl: a model transformation tool;Sci. Comput. Program.;2008;https://doi.org/10.1016/j.scico.2007.08.002;no;TRUE;TRUE;TRUE;FALSE;FALSE;FALSE;FALSE;FALSE;FALSE;FALSE;FALSE;FALSE;;;;;;
193;J.Cabot,J.-N.Mazo ́n,J.Pardillo,andJ.Trujillo;Specifying Aggregation Functions in Multidimensional Models with OCL;specifying aggregation functions in multidimensional models with ocl;LNCS;2010;https://doi.org/10.1007/978-3-642-16373-9_30;no;TRUE;TRUE;TRUE;FALSE;FALSE;FALSE;FALSE;FALSE;FALSE;FALSE;FALSE;FALSE;;;;;;
194;M. Gogolla;Benefits and problems of formal methods;benefits and problems of formal methods;LNCS;2004;https://doi.org/10.1007/978-3-540-24841-5_1;no;TRUE;TRUE;TRUE;FALSE;FALSE;FALSE;FALSE;FALSE;FALSE;FALSE;FALSE;FALSE;;;;;;
195;Instructional Physics Laboratory;A summary of error propagation;a summary of error propagation;Harvard Univ.;2014;http://ipl.physics.harvard.edu/wp-uploads/2014/01/ps2_fa13_err.pdf;no;TRUE;TRUE;TRUE;FALSE;FALSE;FALSE;FALSE;FALSE;TRUE;FALSE;FALSE;FALSE;;;;;;
196;K. Angoni;Uncertainties in measurement;uncertainties in measurement;;2015;http://gauss.vaniercollege.qc.ca/pwiki/index.php/Uncertainties_in_Measurement;no;TRUE;TRUE;TRUE;FALSE;FALSE;FALSE;FALSE;FALSE;TRUE;FALSE;FALSE;FALSE;;;;;;
197;P. J. Mosterman and J. Zander;Industry 4.0 as a cyber-physical system study;industry 4.0 as a cyber-physical system study;;;;no;TRUE;;;;FALSE;;;;;;TRUE;FALSE;;;;;;
198;N. J. Higham;Accuracy and Stability of Numerical Algorithms;accuracy and stability of numerical algorithms;Soc. Of Ind. And Applied Maths.;1996;https://doi.org/10.1137/1.9780898718027;no;TRUE;TRUE;TRUE;FALSE;FALSE;FALSE;FALSE;FALSE;TRUE;FALSE;FALSE;FALSE;;;;;;
199;J.-M. Muller et al.;Handbook of Floating-Point Arithmetic;handbook of floating-point arithmetic;Birkhäuser;2010;https://link.springer.com/book/10.1007%2F978-3-319-76526-6;no;TRUE;TRUE;TRUE;FALSE;FALSE;FALSE;FALSE;FALSE;TRUE;FALSE;FALSE;FALSE;;;;;;
200;O. Gooen;The Guesstimate Blog;the guesstimate blog;Medium;2015;http://medium.com/guesstimate-blog;no;TRUE;TRUE;TRUE;FALSE;FALSE;FALSE;FALSE;FALSE;TRUE;FALSE;FALSE;FALSE;;;;;;
201;B. Littlewood, M. Neil, and G. Ostrolenk;The role of models in managing the uncertainty of software-intensive systems;the role of models in managing the uncertainty of software-intensive systems;RESS;1995;https://doi.org/10.1016/0951-8320(95)00073-B;no;TRUE;TRUE;TRUE;TRUE;FALSE;FALSE;FALSE;FALSE;FALSE;FALSE;TRUE;FALSE;;;;;;
202;D. Garlan;Software Engineering in an Uncertain World;software engineering in an uncertain world;;;;no;TRUE;;;;FALSE;;;;;;TRUE;FALSE;;;;;;
203;M. Famelis, R. Salay, and M. Chechik;Partial models: Towards modeling and reasoning with uncertainty;partial models: towards modeling and reasoning with uncertainty;;;;no;TRUE;;;;FALSE;;;;;;TRUE;FALSE;;;;;;
204;N. Esfahani and S. Malek;Uncertainty in self-adaptive software systems;uncertainty in self-adaptive software systems;;;;no;TRUE;;;;FALSE;;;;;;TRUE;FALSE;;;;;;
205;R. Salay, M. Chechik, J. Horkoff, and A. Sandro;Managing requirements uncertainty with partial models;managing requirements uncertainty with partial models;;;;no;TRUE;;;;FALSE;;;;;;TRUE;FALSE;;;;;;
206;M. Wolf;A modeling language for measurement uncertainty evaluation;a modeling language for measurement uncertainty evaluation;;;;no;TRUE;;;;FALSE;;;;;;TRUE;FALSE;;;;;;
207;B. D. Hall;Component interfaces that support measurement uncertainty;component interfaces that support measurement uncertainty;;;;no;TRUE;;;;FALSE;;;;;;TRUE;FALSE;;;;;;
208;M. Gogolla, F. Büttner, and M. Richters;USE: A UML-based specification environment for validating UML and OCL;use: a uml-based specification environment for validating uml and ocl;;;;no;TRUE;;;;FALSE;;;;;;TRUE;FALSE;;;;;;
209;Object Management Group;Semantics Of A Foundational Subset For Executable UML Models (FUML);semantics of a foundational subset for executable uml models (fuml);;;;no;TRUE;;;;FALSE;;;;;;TRUE;FALSE;;;;;;
210;T. Mayerhofer, P. Langer, M. Wimmer, and G. Kappel;xMOF: Executable DSMLs Based on fUML;xmof: executable dsmls based on fuml;;;;no;TRUE;;;;FALSE;;;;;;TRUE;FALSE;;;;;;
